COMPANY_ID,TOTAL_DECLARED_PCT,OWNER_COUNT
1,92.07,3
2,119.45,4
3,84.76,2
4,94.93,3
5,96.33,3
6,33.68,1
7,130.65,3
8,137.26,4
9,40.7,1
10,95.01,4
11,40.28,1
12,35.75,1
13,92.77,2
14,44.73,1
15,129.19,4
16,95.01,4
17,121.74,3
18,119.53,3
19,82.5,2
20,51.86,1
21,77.38,2
22,30.67,1
23,54.66,1
24,33.93,1
25,110.38,3
26,101.49,3
27,95.01,4
28,61.36,1
29,53.06,1
30,122.46,3
31,65.37,1
32,45.61,1
33,116.43,4
34,95.01,4
35,56.2,2
36,54.93,2
37,143.83,4
38,62.49,1
39,126.79,4
40,95.01,4
41,50.51,1
42,98.54,3
43,75.52,2
44,67.26,1
45,47.57,1
46,104.74,2
47,86.22,3
48,95,3
49,38.84,1
50,99.11,2
51,60.83,1
52,130.62,4
53,115.79,3
54,109.22,4
55,48.54,1
56,106.19,2
57,47.43,1
58,61.95,1
59,44.09,2
60,40.75,1
61,95.01,4
62,128.86,4
63,127.2,3
64,95.01,4
65,95.01,4
66,46.89,1
67,37.97,1
68,68.87,1
69,42.91,1
70,98.26,2
71,35.18,1
72,38.91,1
73,40.74,1
74,95,3
75,64.6,2
76,55.93,2
77,54.67,2
78,96.13,3
79,95.01,4
80,84.01,4
81,40.11,1
82,92.85,3
83,95.01,4
84,85.48,2
85,133.59,4
86,61.11,1
87,123.31,4
88,43.26,1
89,67.71,1
90,100.59,3
91,143.98,4
92,50.43,1
93,44.16,1
94,85.47,2
95,44.02,1
96,110.21,3
97,87.68,3
98,52.65,1
99,76.87,2
100,67.41,1
101,77.45,2
102,91.18,2
103,95,3
104,141.5,4
105,127.78,3
106,46.07,1
107,63.56,2
108,134.12,3
109,74.41,2
110,94.59,3
111,64.62,1
112,59.47,1
113,66.23,2
114,95.01,4
115,133.33,4
116,106.68,2
117,95.99,2
118,119.47,4
119,121.69,4
120,113.41,3
121,88.74,2
122,132.97,4
123,45.82,1
124,44.38,2
125,40.17,1
126,57.4,1
127,57.12,1
128,39.72,1
129,133.23,3
130,31.77,1
131,100.66,3
132,95.01,4
133,136.86,3
134,36.15,1
135,62.33,1
136,141.82,3
137,139.84,4
138,95.01,4
139,140.27,3
140,83.93,3
141,44.86,1
142,59.41,1
143,133.61,4
144,69.37,2
145,53.56,1
146,95.01,4
147,134.41,4
148,98.55,2
149,62.43,1
150,133.52,3
151,110.57,3
152,46.1,1
153,95.01,4
154,89.17,3
155,102.03,4
156,49.29,1
157,119.39,4
158,138.91,4
159,61.88,1
160,113.2,3
161,138.19,4
162,64.56,1
163,105.11,4
164,122.78,4
165,110.51,4
166,35.58,1
167,106.05,4
168,41.4,1
169,131.83,3
170,57.11,1
171,125.77,3
172,72.44,2
173,95.01,4
174,85.28,4
175,140.02,4
176,111.71,3
177,95.01,4
178,99.89,2
179,95.01,4
180,101.44,4
181,113.45,3
182,119.02,3
183,93.49,3
184,138.07,4
185,61.56,1
186,68.23,1
187,92.7,3
188,84.5,2
189,95.01,4
190,32.17,1
191,112.98,3
192,77.46,2
193,96.46,3
194,101.91,3
195,82.95,2
196,38.7,1
197,77.31,2
198,119.52,3
199,60.47,1
200,95.01,4
201,109.34,2
202,110.73,4
203,133.85,4
204,137.1,3
205,135.24,4
206,30.85,1
207,127.93,4
208,144.91,4
209,86.82,2
210,141.34,4
211,95.01,4
212,67.01,2
213,46.07,1
214,126.27,3
215,95.01,4
216,55.75,1
217,131.91,3
218,117.32,3
219,116.29,3
220,85.28,2
221,35.23,1
222,95.08,3
223,95,3
224,84.54,2
225,30.18,1
226,95.01,4
227,95.01,4
228,61.01,1
229,34.91,1
230,120.16,3
231,56.56,1
232,61.83,1
233,125.58,4
234,56.67,1
235,50.2,1
236,114.5,4
237,71.64,2
238,92.01,3
239,98.58,4
240,115.16,4
241,56.19,2
242,89.49,4
243,140.85,4
244,81.95,2
245,95.01,4
246,142.03,4
247,59.07,1
248,85.11,2
249,95.01,4
250,102.17,3
251,95.01,4
252,127.73,3
253,95.01,4
254,105.61,3
255,122.89,3
256,47.02,1
257,57.92,2
258,41.23,1
259,53.43,1
260,95.07,2
261,72.11,2
262,95.01,4
263,75.03,2
264,97.17,2
265,114.85,4
266,140.81,4
267,36.66,1
268,47.84,1
269,84.72,3
270,96.01,2
271,97.9,2
272,38.03,1
273,95.01,4
274,44.73,2
275,33.13,1
276,118.64,3
277,83.38,2
278,142.07,4
279,135.43,4
280,117.62,4
281,78.89,2
282,32.9,1
283,105.43,3
284,72.54,2
285,48.32,1
286,95.01,4
287,121.48,3
288,65.57,2
289,73.59,2
290,120.57,4
291,75.19,2
292,38.4,1
293,130.46,3
294,69.17,2
295,132.76,4
296,46.7,1
297,49.35,1
298,69.31,3
299,76.79,2
300,88.28,2
301,94.6,3
302,95.12,3
303,66.55,1
304,95.01,4
305,138.39,4
306,66.95,1
307,137.41,4
308,96.72,3
309,95.01,4
310,49.79,1
311,85.17,3
312,83.15,3
313,106.32,3
314,125.01,3
315,98.98,4
316,95.01,4
317,93.25,2
318,54.06,2
319,91.42,4
320,110.05,4
321,121.59,3
322,112.41,3
323,78.77,2
324,97.15,4
325,87.27,4
326,48.45,1
327,100.95,3
328,114.71,3
329,95.01,4
330,95.01,4
331,61.37,2
332,83.11,3
333,30.26,1
334,126.48,3
335,121.98,3
336,75.82,3
337,58.18,1
338,93.96,2
339,32.07,1
340,111.62,3
341,119.84,4
342,117.79,4
343,50.07,1
344,99.57,2
345,43.58,1
346,36.64,1
347,115.18,2
348,143.85,4
349,54.08,1
350,127.73,3
351,108.29,2
352,103.44,2
353,97.41,3
354,111.83,3
355,142.55,4
356,115.01,4
357,59.67,2
358,129.88,4
359,44.61,1
360,38.11,1
361,75.34,2
362,61.08,2
363,55.85,1
364,65.65,3
365,73.17,2
366,135.14,4
367,114.03,4
368,103.48,2
369,145.29,3
370,78.63,2
371,86.7,2
372,62.7,2
373,83.42,2
374,122.56,3
375,112.94,2
376,128.15,4
377,111.08,3
378,95.01,4
379,130.44,3
380,85.72,2
381,85.84,3
382,119.58,3
383,74.55,2
384,81.94,2
385,57.26,2
386,66.68,1
387,118.86,3
388,74.11,3
389,97.11,3
390,105.8,2
391,83.99,4
392,137.26,4
393,87.31,3
394,32.96,1
395,107.56,3
396,62.5,1
397,53.77,1
398,87.77,2
399,95.01,4
400,93.19,2
401,90.86,3
402,101.71,3
403,45.07,1
404,117.22,4
405,122.51,4
406,112.65,4
407,95.01,4
408,124.88,3
409,68.34,1
410,108.06,3
411,95.01,4
412,143.09,4
413,107.2,2
414,114.65,3
415,36.96,1
416,95.01,4
417,95.01,4
418,74.71,2
419,80.09,2
420,95,3
421,62.49,1
422,137.56,3
423,112.02,3
424,129.18,4
425,120.32,3
426,48.53,1
427,86.08,2
428,31.31,1
429,101.96,2
430,66.74,3
431,118.89,3
432,56.29,1
433,100.77,2
434,95.01,4
435,35.9,1
436,92.04,2
437,76.17,2
438,93.45,2
439,107.83,3
440,130.05,3
441,128.17,4
442,115.82,4
443,95.01,4
444,77.37,3
445,54.54,2
446,95.01,4
447,97.46,3
448,130.73,3
449,131.61,4
450,117.2,3
451,95.01,4
452,102.38,3
453,88.74,3
454,95.01,4
455,81.53,2
456,98.01,2
457,88.18,2
458,54.84,1
459,63.5,2
460,137.06,3
461,54.98,1
462,137.55,4
463,34.41,1
464,133.23,4
465,37.14,1
466,81.69,3
467,64.42,1
468,107.15,3
469,78.31,2
470,106.92,3
471,72.12,2
472,60.41,1
473,103,3
474,41.97,1
475,135.63,3
476,47.37,1
477,112.52,3
478,42.56,1
479,53.49,2
480,51.75,2
481,119.65,3
482,98.14,3
483,63.42,1
484,54.11,2
485,37.33,1
486,102.07,3
487,50.8,1
488,95.01,4
489,116.73,3
490,97.13,3
491,135.17,4
492,84.62,2
493,56.77,2
494,35.21,1
495,105.49,3
496,45.84,1
497,105.15,3
498,84.23,3
499,36.4,1
500,81.9,2
501,95.01,4
502,97.98,3
503,109,4
504,119.07,4
505,70.23,2
506,128.48,4
507,69.99,1
508,142.77,4
509,143.24,3
510,69.64,1
511,120.59,3
512,83.41,3
513,37.59,1
514,95.01,4
515,143.83,4
516,57.16,1
517,95.01,4
518,100.66,2
519,103.82,4
520,95.01,4
521,107.47,2
522,80.32,2
523,112.3,3
524,95.39,2
525,76.73,2
526,55.47,1
527,103.98,3
528,40.07,1
529,34.06,1
530,139.61,3
531,114.32,4
532,38.61,1
533,122.38,4
534,98.98,3
535,58.62,1
536,95.01,4
537,105.71,2
538,45.61,1
539,69.16,1
540,37.97,1
541,108.05,3
542,46.98,2
543,95.38,4
544,95.01,4
545,105.23,2
546,103.82,3
547,56.75,2
548,95.01,4
549,34.22,1
550,45.64,1
551,68.83,1
552,71.24,2
553,83.96,3
554,75.21,2
555,78.55,2
556,95.01,4
557,133.54,3
558,67.17,2
559,124.96,3
560,141.86,4
561,132.9,3
562,95.01,4
563,86.17,2
564,47.9,1
565,95.01,4
566,58.42,1
567,95.01,4
568,34.26,1
569,102.13,2
570,97.31,2
571,62.89,2
572,124.96,4
573,52.37,2
574,83.46,3
575,137.56,3
576,97.07,4
577,87.07,2
578,95,3
579,116.3,3
580,110.77,3
581,77.55,2
582,94.28,4
583,95.01,4
584,33.84,1
585,85.81,3
586,99.47,2
587,79.18,2
588,48.94,1
589,68.73,2
590,130.66,3
591,145.46,4
592,50.45,1
593,122.81,3
594,109.86,3
595,115.94,3
596,54.03,2
597,123.29,3
598,95.01,4
599,87.52,2
600,94,3
601,95.01,4
602,74.27,2
603,78.43,2
604,101.09,3
605,142.39,3
606,48.74,2
607,95.01,4
608,95.01,4
609,57.38,1
610,54.42,1
611,36.43,1
612,66.33,2
613,117.57,3
614,101.59,2
615,97.09,2
616,112.19,3
617,57.5,1
618,142,3
619,94.8,4
620,141.41,3
621,99.06,2
622,114.46,4
623,56.82,1
624,95.01,4
625,121.98,4
626,144.41,4
627,80.99,3
628,56.19,2
629,116.91,3
630,71.32,2
631,95.01,4
632,51.85,1
633,95.01,4
634,131.92,3
635,42.36,1
636,71.37,2
637,85.74,2
638,123.29,3
639,95.01,4
640,97.13,3
641,33.49,1
642,135.37,3
643,86.69,3
644,66.59,1
645,81.04,2
646,53.59,1
647,71.08,2
648,64.83,3
649,142.78,4
650,77.79,4
651,39.01,1
652,36.19,1
653,143.37,3
654,99.84,3
655,38.37,1
656,125.16,4
657,95.01,4
658,109.52,3
659,69.81,2
660,94.22,2
661,55.04,1
662,80.6,2
663,92.15,3
664,145.32,4
665,95.01,4
666,41.89,2
667,40.22,1
668,51.53,2
669,100.84,4
670,65.66,3
671,54.52,1
672,95.01,4
673,116.1,3
674,100.94,2
675,133.27,4
676,121.2,3
677,83.88,2
678,78.92,2
679,96.84,3
680,78.3,2
681,126.63,4
682,96.55,4
683,45.94,1
684,42.88,1
685,50.3,1
686,61.54,2
687,84.04,2
688,84.24,2
689,80.21,2
690,133.18,3
691,131.6,4
692,138.55,3
693,93.02,2
694,32.17,1
695,92.71,4
696,33.77,1
697,42.09,1
698,60.4,1
699,114.43,4
700,116.36,4
701,111.7,3
702,82.39,2
703,99.58,2
704,84.08,3
705,95.01,4
706,77.93,2
707,43.64,1
708,111.03,3
709,129.3,4
710,109.32,4
711,107.67,3
712,84.38,2
713,108.13,3
714,95.01,4
715,45.68,1
716,126.76,4
717,30.73,1
718,95.01,4
719,72.76,2
720,53.46,2
721,100.66,3
722,69.23,3
723,78.16,3
724,145.31,4
725,62.69,2
726,92.7,2
727,102.58,3
728,95.49,2
729,132.87,4
730,131.19,3
731,99.75,2
732,43.36,1
733,95.01,4
734,119.4,3
735,95.01,4
736,116.47,3
737,130.22,4
738,145.61,4
739,65.5,1
740,80.05,2
741,83.58,3
742,123,3
743,78.05,3
744,134.53,3
745,100.14,3
746,54.61,1
747,87.48,3
748,35.18,1
749,95.12,2
750,74.86,2
751,89.2,2
752,62.26,2
753,126.85,4
754,51.7,1
755,121.87,3
756,97.89,3
757,61.97,2
758,69.97,2
759,57.78,1
760,93.29,3
761,94.77,3
762,52.12,2
763,93.77,3
764,120.56,3
765,81.69,2
766,114.54,3
767,47.53,2
768,38.03,1
769,50.61,2
770,145.7,4
771,48,1
772,50.4,1
773,60.42,1
774,100.51,3
775,45.65,1
776,136.67,3
777,135.36,4
778,102.63,3
779,38.51,1
780,95.01,4
781,80.24,2
782,72.13,2
783,135.1,3
784,73.95,2
785,43.69,1
786,78.25,3
787,55.04,1
788,95.01,4
789,68.2,2
790,95.01,4
791,118.33,3
792,145.97,3
793,108.42,3
794,95.26,3
795,51.61,1
796,35.3,1
797,95.01,4
798,95.01,4
799,138.44,4
800,45.26,1
801,101.18,2
802,36.61,1
803,122.65,4
804,58.48,2
805,136.92,4
806,95.01,4
807,95.01,4
808,115.84,3
809,35.36,1
810,82.25,2
811,62.87,1
812,48.47,2
813,49.66,1
814,38.85,1
815,97.19,3
816,95.01,4
817,114.77,3
818,90.6,2
819,85.91,2
820,114.43,3
821,57.25,2
822,42.96,2
823,132.96,4
824,95.01,4
825,107.86,2
826,68.13,1
827,104.69,3
828,126.33,3
829,59.71,1
830,135.3,4
831,54.6,1
832,92.06,3
833,106.59,3
834,112.86,3
835,84.9,3
836,100.7,2
837,61.21,1
838,56.44,2
839,32.21,1
840,131.25,3
841,84.99,2
842,126.6,3
843,30.33,1
844,53.6,1
845,65.01,1
846,46.06,1
847,87.72,3
848,126.21,4
849,95.01,4
850,95,3
851,96.81,2
852,38.11,1
853,95.01,4
854,44.44,1
855,135.27,3
856,91.98,2
857,95.01,4
858,142.98,4
859,69.23,1
860,86.07,2
861,120.76,4
862,82.75,2
863,93.93,2
864,107.76,3
865,107.63,3
866,146.13,4
867,106.65,3
868,95.01,4
869,37.12,1
870,97.46,2
871,63.65,2
872,82.76,2
873,113.88,3
874,115.37,4
875,65.54,2
876,132.53,3
877,39.43,1
878,102.98,2
879,129.57,4
880,108.1,2
881,33.25,1
882,36.07,1
883,85.78,4
884,62.68,1
885,92.37,4
886,61.18,1
887,84.78,3
888,95.01,4
889,112.24,3
890,104.38,4
891,134.98,4
892,60.54,1
893,68.8,1
894,93.68,3
895,93.21,3
896,95.27,3
897,144.8,4
898,95.01,4
899,35.35,1
900,51.43,1
901,53.15,1
902,47.33,1
903,95.01,4
904,50.44,1
905,62.93,1
906,74.35,2
907,63.26,2
908,107.74,2
909,106.53,3
910,121.84,4
911,125.89,4
912,143.82,3
913,46.37,1
914,130.98,4
915,135.83,3
916,93.24,4
917,47.86,1
918,92.22,4
919,51.6,1
920,95.01,4
921,50.34,1
922,85.73,2
923,108.83,3
924,133.55,3
925,94.88,3
926,50.58,1
927,50.34,2
928,129.42,3
929,61.18,1
930,85.59,2
931,95.01,4
932,95.01,4
933,128.31,4
934,70.73,2
935,123.06,4
936,62.4,1
937,101.45,4
938,50.67,1
939,142.65,3
940,126.45,3
941,95.01,4
942,95.01,4
943,47.71,1
944,43.28,1
945,91.56,2
946,95.01,4
947,76.89,2
948,113.55,3
949,88,4
950,108.13,4
951,138.22,4
952,134.74,4
953,33.77,1
954,33.94,1
955,95.01,4
956,141.56,4
957,127.18,3
958,127.84,3
959,63.93,1
960,95.01,4
961,65.56,2
962,47.84,1
963,95.01,4
964,84.77,2
965,126.74,3
966,34.71,1
967,139.93,3
968,87.94,2
969,116.53,3
970,95.01,4
971,107.93,4
972,58.95,1
973,107.96,4
974,46.35,1
975,62.71,1
976,109.86,2
977,95.01,4
978,96.62,2
979,31.09,1
980,69.23,2
981,65.45,2
982,95.01,4
983,120.41,4
984,31.85,1
985,94.35,2
986,115.11,3
987,125.1,3
988,95.01,4
989,38.13,1
990,52.93,2
991,143.18,4
992,75.26,2
993,54.17,1
994,55.73,1
995,41.89,1
996,95,3
997,98.32,3
998,117.33,3
999,49.3,1
1000,43.73,1
1001,113.12,3
1002,37.27,1
1003,64.35,1
1004,88.02,2
1005,79.04,2
1006,57.21,1
1007,95.01,4
1008,118.14,4
1009,43.65,2
1010,79.6,2
1011,49.12,1
1012,95.01,4
1013,125.15,3
1014,138.75,3
1015,103.83,3
1016,60.62,1
1017,116.56,4
1018,34.23,1
1019,135.45,4
1020,55.59,1
1021,130.38,3
1022,142.92,3
1023,80.33,3
1024,117.36,4
1025,130.51,3
1026,131.51,3
1027,45.03,1
1028,75.5,2
1029,117.45,3
1030,107.28,3
1031,79.91,2
1032,76.87,2
1033,130.34,4
1034,44.61,1
1035,74.74,2
1036,93.41,3
1037,110.58,4
1038,95.01,4
1039,108.99,3
1040,119.78,3
1041,95.01,4
1042,109.25,3
1043,66.33,2
1044,68.01,1
1045,65.18,1
1046,119.9,4
1047,95.01,4
1048,101.78,2
1049,107.85,2
1050,79.6,2
1051,79.71,3
1052,43.43,1
1053,94.76,2
1054,95.01,4
1055,136.8,4
1056,95.01,4
1057,83.46,2
1058,115.12,4
1059,64.75,2
1060,104.2,3
1061,95.01,4
1062,107.42,4
1063,95.01,4
1064,65.67,1
1065,31.95,1
1066,103.71,2
1067,87.38,3
1068,33.74,1
1069,65.19,1
1070,85.66,2
1071,106.91,3
1072,82.48,2
1073,88.22,2
1074,68.9,2
1075,30.24,1
1076,62.71,1
1077,71.33,2
1078,104.45,2
1079,130.06,4
1080,39.14,1
1081,107.83,3
1082,124.09,3
1083,42.79,1
1084,133.86,3
1085,125.47,3
1086,36.38,1
1087,47.13,2
1088,58.88,2
1089,95.01,4
1090,99.49,2
1091,115.59,2
1092,116.57,3
1093,77.27,2
1094,113.6,3
1095,38.59,1
1096,65.09,2
1097,130.11,4
1098,108.84,4
1099,137.9,4
1100,98.11,4
1101,46.37,1
1102,95.01,4
1103,35.68,1
1104,66.64,2
1105,60.89,2
1106,124.59,4
1107,89.93,2
1108,68.01,2
1109,95.01,4
1110,85.62,2
1111,130.01,3
1112,132.58,3
1113,88.75,2
1114,121.88,3
1115,142.37,4
1116,60.53,1
1117,55.15,1
1118,95,3
1119,64.96,1
1120,70,3
1121,92.99,2
1122,95.01,4
1123,89.72,2
1124,77.82,2
1125,130.28,4
1126,125.78,4
1127,114.43,4
1128,30.08,1
1129,95.01,4
1130,95.14,2
1131,105.3,3
1132,81.81,2
1133,97.23,3
1134,108.91,3
1135,33.37,1
1136,66.75,1
1137,72.6,2
1138,125.92,4
1139,60.88,1
1140,51.1,1
1141,95.51,2
1142,95.01,4
1143,30.28,1
1144,133.12,4
1145,51.07,1
1146,58.56,2
1147,61.45,1
1148,118.16,3
1149,104.58,3
1150,95.01,4
1151,69.07,1
1152,90.05,2
1153,129.27,4
1154,119.58,4
1155,95.01,4
1156,97.58,3
1157,130.12,4
1158,65.12,1
1159,55.82,1
1160,104.65,3
1161,52.76,1
1162,131.45,4
1163,83.2,3
1164,111.45,4
1165,78.75,2
1166,48.9,1
1167,95.01,4
1168,42.82,1
1169,67.63,1
1170,115.29,4
1171,116.3,3
1172,41.09,1
1173,68.45,1
1174,106.57,3
1175,108.29,3
1176,95.01,4
1177,34.05,1
1178,125.8,3
1179,81.1,2
1180,54.51,1
1181,88.55,3
1182,116.87,3
1183,95.01,4
1184,128.11,3
1185,113.81,3
1186,101.77,3
1187,126.58,3
1188,104.92,3
1189,32.52,1
1190,114.51,3
1191,68.25,3
1192,97.22,4
1193,142.53,3
1194,113.29,3
1195,80.51,2
1196,80.01,2
1197,103.77,4
1198,80.4,3
1199,93.63,3
1200,48.19,1
1201,136.43,4
1202,55.41,2
1203,95.01,4
1204,142.85,4
1205,141.66,4
1206,85.1,3
1207,98.21,4
1208,102.6,2
1209,106.74,2
1210,135.83,3
1211,80.68,2
1212,135.96,3
1213,79,2
1214,90.92,2
1215,62.67,1
1216,48.15,1
1217,95.01,4
1218,95.48,4
1219,145.88,3
1220,81.87,2
1221,81.88,2
1222,115.1,3
1223,95.01,4
1224,37.42,1
1225,75.43,2
1226,95.01,4
1227,49.93,2
1228,59.03,2
1229,41.75,1
1230,110.33,3
1231,138,4
1232,91.53,3
1233,68.93,2
1234,118.59,2
1235,106.91,2
1236,85.72,3
1237,42.42,2
1238,53.1,1
1239,57.66,1
1240,70.94,2
1241,66.67,2
1242,97.74,4
1243,77.92,2
1244,77.54,3
1245,119.12,3
1246,108.66,2
1247,67.8,2
1248,71.14,2
1249,116.87,3
1250,77.31,2
1251,109.69,3
1252,91.36,2
1253,138.92,3
1254,114.65,4
1255,63.63,2
1256,36.91,1
1257,80.44,3
1258,79.8,2
1259,70.06,2
1260,36.42,1
1261,46.53,1
1262,113.07,4
1263,139.08,3
1264,65.91,2
1265,34.71,1
1266,89.78,2
1267,142.25,4
1268,75,2
1269,66.13,2
1270,95.01,4
1271,93.28,4
1272,95.01,4
1273,51.43,1
1274,139.26,4
1275,69.9,1
1276,66.28,1
1277,47.19,1
1278,117.42,3
1279,72.57,2
1280,107.07,2
1281,125.78,3
1282,57.89,1
1283,121.09,3
1284,128.88,3
1285,60.87,1
1286,65.62,2
1287,62.27,1
1288,80.8,4
1289,95,3
1290,95.01,4
1291,80.84,2
1292,66.11,1
1293,83.98,2
1294,95.01,4
1295,143.51,4
1296,131.71,4
1297,95.85,3
1298,65.84,2
1299,92.33,3
1300,57.95,1
1301,86.41,2
1302,95.01,4
1303,99.6,2
1304,99.09,2
1305,93.03,2
1306,139.04,3
1307,134.29,4
1308,45.96,1
1309,51.79,2
1310,68.42,2
1311,94.3,2
1312,71.7,2
1313,93.87,2
1314,95.01,4
1315,142.48,4
1316,95,3
1317,52.87,1
1318,76.69,2
1319,90.63,2
1320,95.01,4
1321,101.95,4
1322,95.01,4
1323,111.33,3
1324,74.37,2
1325,89.58,2
1326,129.65,3
1327,40.27,1
1328,84.48,2
1329,111.52,3
1330,64.6,1
1331,57.8,2
1332,139.32,4
1333,131.11,4
1334,59.55,1
1335,115.91,3
1336,142.41,4
1337,59.76,2
1338,59.94,1
1339,118.22,4
1340,82.07,2
1341,67.49,1
1342,77.82,2
1343,144.27,4
1344,51.57,1
1345,107.53,2
1346,95.01,4
1347,95.01,4
1348,75.25,3
1349,143.9,4
1350,135.07,4
1351,67.74,2
1352,79.03,2
1353,89.39,3
1354,76.06,2
1355,88.66,2
1356,95.01,4
1357,89.86,2
1358,95,3
1359,95.01,4
1360,112.89,3
1361,81.03,3
1362,102.58,2
1363,76.74,2
1364,52.99,1
1365,115.95,3
1366,120.39,3
1367,122.74,4
1368,110.96,2
1369,95.01,4
1370,120.57,3
1371,105.12,3
1372,40.82,1
1373,38.57,1
1374,61.41,1
1375,65.08,2
1376,60.66,3
1377,95.01,4
1378,91.16,2
1379,54.57,1
1380,53.77,1
1381,89.18,3
1382,38.51,1
1383,77.65,2
1384,110.09,3
1385,103.72,2
1386,95.01,4
1387,95.01,4
1388,95.01,4
1389,143.94,4
1390,59.45,1
1391,117.17,3
1392,34.65,1
1393,107.55,3
1394,42.56,1
1395,63.87,3
1396,67.15,3
1397,48.57,1
1398,95.01,4
1399,52.93,2
1400,57.93,2
1401,137.12,4
1402,95.01,4
1403,133.64,3
1404,64.43,2
1405,141.49,4
1406,131.96,3
1407,48.73,1
1408,95.01,4
1409,95.01,4
1410,52.95,1
1411,105.72,3
1412,142.26,3
1413,113.04,2
1414,95.01,4
1415,124.7,3
1416,64.52,1
1417,112.19,3
1418,124.39,3
1419,57.57,1
1420,99.46,2
1421,95.01,4
1422,121.45,4
1423,131.86,4
1424,38.95,1
1425,112.3,3
1426,47.85,1
1427,105.71,2
1428,88.9,3
1429,129.15,3
1430,53.48,1
1431,106.84,3
1432,140.98,3
1433,95.01,4
1434,70.74,2
1435,130.91,3
1436,41.1,1
1437,88.07,2
1438,95.37,3
1439,95.01,4
1440,109.8,4
1441,120.19,3
1442,37.87,1
1443,99.4,2
1444,65.18,1
1445,114.55,3
1446,108.09,2
1447,86.21,3
1448,112.2,4
1449,86.81,2
1450,74.14,2
1451,95.01,4
1452,95.01,4
1453,95,3
1454,54.52,1
1455,140.16,4
1456,55.07,1
1457,73.49,2
1458,117.72,4
1459,137.14,3
1460,59.05,1
1461,115.63,4
1462,128.51,3
1463,115.6,3
1464,124.97,3
1465,74.72,2
1466,95.01,4
1467,95.01,4
1468,128.11,4
1469,122.2,3
1470,51.7,1
1471,108.91,3
1472,75.88,2
1473,53.31,1
1474,100.78,4
1475,67.9,2
1476,118.94,3
1477,106.92,4
1478,91.88,2
1479,133.81,4
1480,112.55,4
1481,95.01,4
1482,95.01,4
1483,57.97,1
1484,54.47,2
1485,146.04,3
1486,35.71,1
1487,106.28,4
1488,118.99,3
1489,123.17,3
1490,118.36,3
1491,113.9,4
1492,95.01,4
1493,123.98,4
1494,95.01,4
1495,117.28,3
1496,138.75,4
1497,40.84,1
1498,101.7,2
1499,30.73,1
1500,86.96,2
1501,73.5,2
1502,91.91,3
1503,53.52,2
1504,121.39,3
1505,70.63,2
1506,116.5,3
1507,135.39,3
1508,31.7,1
1509,51.57,1
1510,108.04,3
1511,113.76,4
1512,101.05,3
1513,135.97,4
1514,63.37,2
1515,42.34,1
1516,96.08,2
1517,97.82,4
1518,119.82,3
1519,38.24,1
1520,104.04,3
1521,142.97,3
1522,95.01,4
1523,56.19,2
1524,64.55,1
1525,76.31,2
1526,36.2,1
1527,61.84,2
1528,135.79,3
1529,95.01,4
1530,130.83,3
1531,51.38,3
1532,86.98,2
1533,41.11,1
1534,66.1,2
1535,47.25,1
1536,68.1,1
1537,119.23,3
1538,46.35,1
1539,59.08,1
1540,115.6,3
1541,95.01,4
1542,134.34,4
1543,95.01,4
1544,47.31,1
1545,95.01,4
1546,66.46,2
1547,65.09,2
1548,103.1,2
1549,41.83,1
1550,68.39,2
1551,89.32,4
1552,101.37,2
1553,102.01,3
1554,75.12,2
1555,47.13,1
1556,105.79,3
1557,80.21,2
1558,110.91,3
1559,53.41,1
1560,45.81,1
1561,64.22,1
1562,48.35,1
1563,95.01,4
1564,95.01,4
1565,106.45,3
1566,93.83,4
1567,137,4
1568,145.68,3
1569,118.79,2
1570,95.01,4
1571,46.35,1
1572,100.5,4
1573,41.4,1
1574,94.92,3
1575,89.69,2
1576,117.3,3
1577,116.86,4
1578,67.57,2
1579,129.25,4
1580,85.03,2
1581,95.01,4
1582,98.48,3
1583,58.63,1
1584,125.31,4
1585,112.55,2
1586,134.39,4
1587,143,4
1588,103.92,2
1589,53.32,1
1590,75.29,2
1591,52.7,1
1592,140.02,4
1593,68.91,2
1594,95.01,4
1595,60.04,1
1596,124.71,3
1597,105.04,3
1598,135.8,4
1599,34.04,1
1600,131.29,4
1601,55.77,1
1602,76.7,2
1603,97.13,3
1604,86.28,2
1605,95.01,4
1606,120.47,3
1607,85.3,2
1608,125.28,3
1609,95.01,4
1610,56.16,2
1611,100.31,2
1612,97.27,3
1613,66.31,2
1614,141.27,4
1615,47.88,1
1616,87.76,2
1617,125.88,3
1618,69.6,1
1619,71.75,2
1620,51.86,1
1621,90.46,3
1622,111.84,4
1623,33.6,1
1624,55.55,1
1625,95.01,4
1626,137.36,4
1627,95.01,4
1628,53.9,1
1629,104.9,3
1630,75.81,2
1631,45.19,1
1632,94.3,4
1633,55.41,1
1634,110.89,2
1635,68.58,2
1636,106.55,3
1637,55.38,1
1638,77.51,3
1639,41.74,1
1640,95.01,4
1641,109.28,3
1642,35.44,1
1643,121.4,4
1644,95.01,4
1645,110.11,3
1646,135.75,3
1647,126.53,3
1648,120.61,4
1649,102.48,3
1650,128.67,3
1651,77.66,2
1652,44.21,1
1653,58.63,1
1654,95.01,4
1655,71.42,2
1656,73.82,2
1657,41.06,1
1658,86.28,2
1659,71.24,2
1660,77.58,2
1661,109.39,2
1662,32.35,1
1663,111.64,3
1664,88.28,3
1665,85.22,3
1666,72.2,2
1667,125.7,3
1668,36.63,1
1669,74.29,2
1670,32.17,1
1671,71.83,2
1672,95.01,4
1673,106.82,3
1674,54.61,1
1675,85.32,2
1676,131.95,3
1677,86.79,4
1678,63.37,1
1679,95,3
1680,34.9,1
1681,67.41,1
1682,104.22,2
1683,104.09,2
1684,95.01,4
1685,33.26,1
1686,117.17,3
1687,104.04,3
1688,95.01,4
1689,95.01,4
1690,95.01,4
1691,111.05,3
1692,113.61,3
1693,50.72,1
1694,76.78,2
1695,63.93,1
1696,80.12,2
1697,43.05,1
1698,99.89,2
1699,80.02,2
1700,123.31,3
1701,38.31,1
1702,114.42,4
1703,48.15,2
1704,128.76,3
1705,30.67,1
1706,95.01,4
1707,65.96,1
1708,88.29,3
1709,140.2,3
1710,117.04,3
1711,61.07,1
1712,95.01,4
1713,88.41,2
1714,63.96,1
1715,30.42,1
1716,59.34,2
1717,136.05,4
1718,136.69,4
1719,90.48,3
1720,95.01,4
1721,125.35,4
1722,95.01,4
1723,100.87,2
1724,95.01,4
1725,38.19,1
1726,103.31,3
1727,95.01,4
1728,110.54,3
1729,122,3
1730,41.72,1
1731,55.11,1
1732,117.37,3
1733,86.52,3
1734,95.01,4
1735,116.65,3
1736,134.65,4
1737,140.67,4
1738,90.22,3
1739,95.01,4
1740,144.02,4
1741,66.9,1
1742,54.15,1
1743,82.95,2
1744,123.53,4
1745,90.14,2
1746,47.31,1
1747,45.59,1
1748,109.14,4
1749,72.74,2
1750,99.39,3
1751,59.82,1
1752,120.71,4
1753,85.07,2
1754,58.07,1
1755,95.01,4
1756,111.4,4
1757,75.36,2
1758,117.26,4
1759,95.01,4
1760,95,3
1761,95,3
1762,95.01,4
1763,95.01,4
1764,95.01,4
1765,93.68,2
1766,136.84,4
1767,72.02,3
1768,131.13,4
1769,96.9,2
1770,95.01,4
1771,80.47,2
1772,87.67,2
1773,95.01,4
1774,95.01,4
1775,46.86,1
1776,80.83,3
1777,117.1,4
1778,105.07,3
1779,45.88,1
1780,104.67,4
1781,49.52,1
1782,63.14,2
1783,103.8,4
1784,78.34,3
1785,96.39,3
1786,94.03,2
1787,76.33,2
1788,100.7,2
1789,145.45,4
1790,56.07,1
1791,85.12,2
1792,143.01,4
1793,123.7,4
1794,41.34,1
1795,99.64,4
1796,92.91,3
1797,31.64,1
1798,70.29,2
1799,95.01,4
1800,69.39,1
1801,46.66,1
1802,124.44,4
1803,132.01,4
1804,62.93,2
1805,121.2,3
1806,43.36,1
1807,133.46,3
1808,95,3
1809,69.5,2
1810,121.86,4
1811,136.25,3
1812,110.54,2
1813,64.89,2
1814,51.78,2
1815,115.93,3
1816,95.01,4
1817,69.64,2
1818,120.91,3
1819,138.37,4
1820,101.81,2
1821,42.45,1
1822,122.06,3
1823,115.13,4
1824,43.93,1
1825,74.31,2
1826,74.77,2
1827,71.22,2
1828,54.73,1
1829,45.8,2
1830,95.01,4
1831,31.23,1
1832,118.32,4
1833,144.05,3
1834,44.63,1
1835,38.32,1
1836,61.74,1
1837,64.77,1
1838,74.74,2
1839,43.98,1
1840,59.97,2
1841,83.27,3
1842,77.36,2
1843,95.01,4
1844,69.91,1
1845,100.72,3
1846,54.18,1
1847,78.75,2
1848,125.91,4
1849,40.66,1
1850,130.71,3
1851,65.55,1
1852,56.84,2
1853,34.28,1
1854,109.06,3
1855,67.03,1
1856,134.99,3
1857,95,3
1858,61.01,2
1859,61.16,1
1860,114.54,3
1861,88.78,2
1862,62.5,1
1863,60.05,1
1864,81.63,2
1865,41.16,1
1866,93.01,3
1867,65.02,1
1868,59.59,1
1869,75.91,2
1870,144.95,4
1871,66.03,2
1872,120.76,4
1873,95.01,4
1874,120.99,4
1875,73.07,2
1876,84.17,3
1877,84.73,2
1878,95.01,4
1879,105.95,3
1880,86.5,2
1881,97.53,3
1882,103.66,3
1883,62.55,1
1884,39.34,1
1885,132.7,4
1886,128.17,3
1887,141.69,3
1888,117,3
1889,62.66,1
1890,95.01,4
1891,95.01,4
1892,60.14,2
1893,54.06,2
1894,137,4
1895,77.75,3
1896,88.83,3
1897,78.71,2
1898,53.63,1
1899,134.21,4
1900,79.48,2
1901,101.58,3
1902,113.39,3
1903,40.9,1
1904,118.9,3
1905,89.77,2
1906,67.41,1
1907,136.36,4
1908,136.96,4
1909,65.33,1
1910,44.21,1
1911,95.01,4
1912,140.78,4
1913,82.74,2
1914,43.58,1
1915,60.56,3
1916,105.65,2
1917,139.45,4
1918,119.21,4
1919,84.26,2
1920,34.93,1
1921,131.7,4
1922,97.6,2
1923,89.8,2
1924,125.96,3
1925,53.46,1
1926,124.09,4
1927,89.52,3
1928,132.88,3
1929,68.47,1
1930,95.01,4
1931,60.35,2
1932,95.01,4
1933,95.01,4
1934,79.91,2
1935,115.81,3
1936,55.63,1
1937,95.01,4
1938,123.6,3
1939,64.52,1
1940,140.1,3
1941,79.88,2
1942,78.77,2
1943,61.89,1
1944,49.59,1
1945,31.26,1
1946,95.65,3
1947,77.53,2
1948,52.56,1
1949,95.01,4
1950,49.93,1
1951,131.88,4
1952,95.01,4
1953,57.32,2
1954,60.57,1
1955,95.01,4
1956,69.48,1
1957,59.6,1
1958,51.62,1
1959,64,1
1960,51.56,1
1961,138.83,4
1962,140.5,3
1963,51.78,1
1964,96.62,2
1965,85.21,2
1966,53.47,1
1967,69.25,1
1968,50.09,1
1969,42.34,1
1970,83.1,2
1971,101.7,3
1972,55.58,1
1973,45.27,1
1974,136.8,3
1975,61.6,2
1976,66.96,1
1977,70.47,2
1978,68.95,3
1979,144.58,4
1980,77.23,2
1981,62.92,2
1982,100.49,3
1983,47.28,1
1984,95,3
1985,117.06,4
1986,131.55,4
1987,96.75,2
1988,100.7,2
1989,59.49,2
1990,91.6,3
1991,128.98,4
1992,54.02,1
1993,110.53,3
1994,88.41,2
1995,48.2,1
1996,53.18,1
1997,52.25,1
1998,55.05,1
1999,88.2,2
2000,104.73,2
2001,95,3
2002,102.38,3
2003,103.5,3
2004,67.17,1
2005,52.25,1
2006,50.5,1
2007,31.36,1
2008,95.95,4
2009,125.55,4
2010,95.38,2
2011,95.01,4
2012,50.1,1
2013,144.62,4
2014,119.34,4
2015,133.53,3
2016,94.16,3
2017,83.87,3
2018,39.26,1
2019,100.48,3
2020,85,2
2021,100.49,3
2022,95.01,4
2023,90.47,2
2024,80.69,2
2025,118.98,4
2026,70.68,2
2027,130.2,4
2028,46.32,1
2029,130.76,4
2030,80.38,2
2031,95.01,4
2032,56.61,1
2033,87.08,2
2034,111.54,4
2035,47.26,1
2036,99.35,3
2037,124.98,3
2038,134.96,3
2039,55.68,2
2040,125.4,3
2041,137.36,3
2042,42.05,1
2043,90.91,2
2044,133.24,4
2045,72.45,2
2046,76.79,2
2047,119.09,3
2048,59.62,1
2049,73.53,2
2050,77.51,2
2051,95.01,4
2052,138.64,4
2053,137.78,4
2054,38.85,1
2055,70.48,2
2056,32.49,1
2057,102.82,2
2058,53.94,1
2059,41.35,1
2060,34.65,1
2061,77.04,2
2062,95.01,4
2063,129.09,3
2064,64.27,2
2065,123.74,4
2066,102.14,3
2067,60.52,2
2068,92.4,2
2069,95.01,4
2070,43.64,1
2071,65.72,2
2072,60.56,1
2073,45.5,1
2074,136.41,4
2075,139.44,4
2076,135.63,4
2077,105.92,4
2078,114.76,4
2079,88.91,3
2080,37.72,1
2081,38.17,1
2082,38.5,1
2083,51.79,1
2084,95.01,4
2085,86.59,2
2086,121.35,3
2087,97.39,3
2088,136.45,3
2089,32.56,1
2090,95.12,3
2091,116.54,3
2092,142.01,4
2093,74.42,3
2094,70.7,2
2095,130.89,3
2096,95.01,4
2097,90.62,3
2098,111.6,2
2099,121.76,4
2100,95,3
2101,82.98,2
2102,72.37,2
2103,132.5,4
2104,141.66,4
2105,36.65,1
2106,98.5,2
2107,114.41,3
2108,145.79,4
2109,106.13,2
2110,97.98,3
2111,116.49,2
2112,95.75,3
2113,94.22,2
2114,77.02,4
2115,136.04,3
2116,124.49,3
2117,49.32,1
2118,42.18,2
2119,102.26,2
2120,62.28,1
2121,83.96,2
2122,121.17,4
2123,115.79,3
2124,57.02,1
2125,33.23,1
2126,30.66,1
2127,47.57,1
2128,116.19,4
2129,125.4,4
2130,97.91,4
2131,117.71,3
2132,56.83,1
2133,95.01,4
2134,108.32,4
2135,139.41,4
2136,95.01,4
2137,59.99,2
2138,95.01,4
2139,40.53,1
2140,121.04,4
2141,141,4
2142,94.35,2
2143,48.07,1
2144,48.3,1
2145,127.93,3
2146,62.35,1
2147,38.76,1
2148,118.03,2
2149,133.84,3
2150,102.74,2
2151,100,3
2152,87.33,3
2153,46.45,1
2154,89.97,2
2155,63.29,1
2156,80.97,2
2157,95.01,4
2158,70.75,2
2159,61.27,2
2160,138.18,4
2161,69.71,1
2162,137.35,3
2163,91.23,2
2164,58.87,1
2165,123.82,4
2166,123.51,3
2167,80.31,2
2168,102.25,3
2169,119.83,4
2170,82.74,2
2171,117.53,4
2172,92.37,2
2173,123.42,4
2174,88.43,2
2175,83.03,2
2176,95.01,4
2177,63.59,1
2178,110.08,3
2179,40.16,1
2180,137.84,3
2181,67.03,1
2182,68.44,1
2183,107.96,2
2184,129.73,4
2185,82.1,2
2186,114.5,2
2187,35.04,1
2188,129.04,4
2189,123.13,3
2190,85.36,2
2191,95.01,4
2192,90.03,2
2193,97.25,2
2194,132.48,3
2195,111.4,2
2196,62.57,1
2197,62.26,1
2198,59.67,2
2199,82.01,2
2200,60.96,2
2201,69.79,2
2202,51.95,1
2203,134.29,3
2204,78.19,2
2205,95.01,4
2206,121.23,4
2207,56.98,1
2208,140.49,3
2209,121.57,4
2210,124.02,3
2211,102.98,2
2212,88.11,2
2213,49.09,2
2214,119.96,3
2215,121.37,3
2216,74.43,2
2217,63.54,2
2218,74.2,2
2219,46.75,1
2220,131.99,4
2221,95.01,4
2222,93.17,3
2223,116.9,4
2224,122.86,4
2225,103.77,4
2226,95.73,3
2227,40.05,1
2228,106.66,2
2229,108.38,3
2230,65.31,1
2231,133.08,3
2232,55.56,1
2233,60.07,1
2234,114.14,3
2235,101.75,2
2236,91.72,2
2237,95.01,4
2238,140.8,3
2239,46.77,1
2240,64.17,1
2241,117.57,2
2242,115.18,3
2243,54.36,1
2244,101.73,3
2245,69.85,1
2246,61.05,1
2247,91.66,2
2248,96.65,2
2249,53.98,2
2250,47.4,1
2251,109.5,3
2252,97.29,2
2253,91.17,3
2254,50.17,1
2255,61.98,1
2256,118.72,4
2257,49.83,1
2258,61.42,1
2259,140.99,4
2260,136.16,3
2261,77.37,2
2262,111.67,2
2263,53.32,1
2264,95.01,4
2265,90.71,2
2266,135.11,4
2267,100.61,3
2268,102.94,3
2269,70.35,3
2270,113.23,3
2271,64.5,2
2272,124.11,3
2273,36.82,1
2274,53.46,1
2275,53.53,2
2276,95.01,4
2277,137.45,4
2278,98.37,4
2279,82.69,2
2280,64.37,3
2281,66.16,2
2282,66.75,1
2283,92.12,2
2284,48.57,1
2285,58.78,1
2286,48.92,2
2287,69.14,1
2288,95.01,4
2289,72.66,2
2290,144.22,4
2291,130.09,3
2292,48.03,1
2293,106.19,2
2294,109.05,3
2295,34.23,1
2296,74.81,2
2297,136.83,3
2298,108.6,3
2299,144.16,3
2300,95.54,3
2301,64.07,1
2302,62.76,2
2303,49.11,1
2304,47.94,1
2305,144.52,3
2306,130.03,3
2307,90.39,2
2308,107.84,3
2309,57.16,2
2310,95.01,4
2311,91.35,2
2312,88.51,3
2313,95.01,4
2314,39.7,1
2315,78.8,3
2316,118.51,3
2317,136.31,3
2318,104.29,3
2319,32.92,1
2320,56.32,1
2321,95.01,4
2322,80.77,3
2323,136.12,3
2324,95.01,4
2325,102.34,3
2326,83.41,3
2327,82.36,2
2328,53.83,1
2329,88.7,2
2330,102.75,2
2331,57.62,1
2332,110.72,2
2333,141.78,4
2334,123.93,3
2335,87.75,2
2336,52.34,1
2337,100.28,3
2338,39,1
2339,95.01,4
2340,123.43,3
2341,30.43,1
2342,95.01,4
2343,97.61,3
2344,86.26,2
2345,69.87,2
2346,68.43,2
2347,67.16,2
2348,92.42,2
2349,58.34,2
2350,57.48,2
2351,124.5,4
2352,92.12,4
2353,81.88,2
2354,35.68,1
2355,51.08,2
2356,33.18,1
2357,105.36,3
2358,117.34,4
2359,137.97,4
2360,123.36,4
2361,50.63,1
2362,129.16,3
2363,136.26,4
2364,135.39,4
2365,69.91,1
2366,50.4,1
2367,58.86,1
2368,139.21,3
2369,139.61,4
2370,70.91,2
2371,37.19,1
2372,39.18,1
2373,31.25,1
2374,44.65,1
2375,66.02,1
2376,105.25,2
2377,35.83,1
2378,95.01,4
2379,45.76,2
2380,59.13,1
2381,72.3,2
2382,120.11,3
2383,80.36,2
2384,74.83,2
2385,64.54,2
2386,85.8,2
2387,99.29,2
2388,141.61,4
2389,46.23,1
2390,51.35,1
2391,44.89,1
2392,132.73,3
2393,43.29,1
2394,77.88,3
2395,31.94,1
2396,63.72,2
2397,93.06,3
2398,130.83,3
2399,39.42,1
2400,95.01,4
2401,119.42,3
2402,143.6,4
2403,44.8,1
2404,65.48,2
2405,102.12,2
2406,115.18,3
2407,142.89,4
2408,64.9,1
2409,121.94,4
2410,58.38,1
2411,65.53,1
2412,42.16,1
2413,58.56,2
2414,56.08,1
2415,112.48,2
2416,34.73,1
2417,132.17,3
2418,58.52,1
2419,95.01,4
2420,103.46,3
2421,90.92,2
2422,123.04,3
2423,97.78,2
2424,63.86,1
2425,89.43,2
2426,33.67,1
2427,95.01,4
2428,63.69,1
2429,143.17,4
2430,47.16,1
2431,56.92,1
2432,113,3
2433,37.18,1
2434,64.84,2
2435,88.04,3
2436,95.01,4
2437,136.39,4
2438,109.46,2
2439,99.79,3
2440,116.41,2
2441,89.38,2
2442,30.87,1
2443,46.34,1
2444,115.77,3
2445,91.41,2
2446,135.98,4
2447,64.96,1
2448,42.73,1
2449,43.87,1
2450,91.87,3
2451,95.01,4
2452,95.12,3
2453,112.12,3
2454,85.72,3
2455,140.24,4
2456,74.24,2
2457,107.55,3
2458,79.52,3
2459,138.57,3
2460,115.63,3
2461,117.47,2
2462,95.01,4
2463,39.69,1
2464,80.58,3
2465,126.91,3
2466,59.13,2
2467,67.5,1
2468,81.67,2
2469,123.06,3
2470,137.18,3
2471,60.55,2
2472,112.85,3
2473,61.12,1
2474,105.75,2
2475,53.27,1
2476,85.28,2
2477,99.99,3
2478,95.01,4
2479,138.48,3
2480,95.01,4
2481,95.01,4
2482,80.61,2
2483,115.98,4
2484,88.66,3
2485,55.83,2
2486,123.23,4
2487,57.06,1
2488,127.92,4
2489,60.18,1
2490,95.01,4
2491,95,3
2492,94.87,2
2493,93.99,3
2494,141.23,4
2495,95.01,4
2496,82.75,3
2497,60.13,1
2498,132.98,4
2499,141.56,4
2500,66.84,1
2501,42.94,1
2502,40.19,1
2503,30.27,1
2504,125.02,4
2505,42.78,1
2506,125.44,4
2507,95.01,4
2508,44.65,1
2509,122.29,3
2510,130.69,4
2511,99.23,3
2512,95.01,4
2513,128.42,4
2514,51.71,1
2515,55.38,1
2516,57.78,1
2517,61.64,3
2518,131.85,3
2519,42.38,1
2520,95.01,4
2521,95.01,4
2522,95,3
2523,98.65,3
2524,68.31,2
2525,131.74,3
2526,31.88,1
2527,45.74,2
2528,54.74,1
2529,95.01,4
2530,101.81,3
2531,121.44,4
2532,95.01,4
2533,141.75,4
2534,79.66,3
2535,133.82,4
2536,86.28,3
2537,130.53,3
2538,111.13,4
2539,59.05,1
2540,66.54,2
2541,100.97,3
2542,113.41,3
2543,126.99,3
2544,34.18,1
2545,95.01,4
2546,95.01,4
2547,69.81,1
2548,132.41,3
2549,85.2,2
2550,80.82,3
2551,125.5,4
2552,95.01,4
2553,111.37,4
2554,98.8,2
2555,61.04,2
2556,113.76,4
2557,95.01,4
2558,123.86,4
2559,105.14,3
2560,91.45,2
2561,95.01,4
2562,59.9,1
2563,83.49,2
2564,51.56,1
2565,51.47,1
2566,135.86,3
2567,95.01,4
2568,82.47,2
2569,34.14,1
2570,89.12,2
2571,39.56,1
2572,62.06,2
2573,94.32,2
2574,35.29,1
2575,52.54,1
2576,97.25,3
2577,95.01,4
2578,100.12,3
2579,61.65,2
2580,131.09,4
2581,95.01,4
2582,138.44,3
2583,98.77,3
2584,32.93,1
2585,126.73,3
2586,107.65,4
2587,49.6,1
2588,97.34,3
2589,144.07,4
2590,79.41,2
2591,113.97,3
2592,129.62,4
2593,95.01,4
2594,102.66,2
2595,106.84,3
2596,83.2,2
2597,32.32,1
2598,95.01,4
2599,121.59,4
2600,76.15,2
2601,67.71,1
2602,99.02,3
2603,95.01,4
2604,110.41,3
2605,118.23,4
2606,78.29,2
2607,48.9,1
2608,54.56,1
2609,53.71,1
2610,139.89,4
2611,95.01,4
2612,97.64,3
2613,87.48,3
2614,95.01,4
2615,95.01,4
2616,90.51,2
2617,143.95,4
2618,115.73,4
2619,124.23,4
2620,95.64,3
2621,123.32,3
2622,55.1,1
2623,110.85,4
2624,47.02,1
2625,80.97,2
2626,70.12,3
2627,114.09,3
2628,95.01,4
2629,64.77,2
2630,95.01,4
2631,56.74,1
2632,133.96,4
2633,60.74,2
2634,95.01,4
2635,69.72,1
2636,89.14,2
2637,134.41,4
2638,50.35,2
2639,123.79,3
2640,92.15,4
2641,73.48,2
2642,122.83,3
2643,67.06,1
2644,63.23,2
2645,57.98,2
2646,46.95,1
2647,95.01,4
2648,81.84,3
2649,83.2,2
2650,109.38,3
2651,95.01,4
2652,124.05,3
2653,115.15,3
2654,96.52,3
2655,87.13,2
2656,35.41,1
2657,142.79,4
2658,73.6,2
2659,36.19,1
2660,100.13,3
2661,48.47,1
2662,72.17,2
2663,39.43,1
2664,31.43,1
2665,109.7,4
2666,96,2
2667,129.86,4
2668,121.11,3
2669,114.88,2
2670,132.2,4
2671,75.68,2
2672,55.46,1
2673,146.13,4
2674,109.78,2
2675,60.42,1
2676,95.01,4
2677,95.01,4
2678,104.59,2
2679,46.57,1
2680,30.79,1
2681,116.32,3
2682,95.01,4
2683,98.41,2
2684,79.06,2
2685,31.61,1
2686,145.61,4
2687,77.65,2
2688,107.8,3
2689,55.97,1
2690,58.36,1
2691,128.88,3
2692,106.89,3
2693,77.75,2
2694,41.43,1
2695,68.88,2
2696,121.63,4
2697,95.01,4
2698,126.06,3
2699,113.33,3
2700,120.17,3
2701,96.25,3
2702,46.67,1
2703,32.32,1
2704,85.45,2
2705,109.39,2
2706,59.82,1
2707,116.46,3
2708,142.81,4
2709,97.96,3
2710,67.84,2
2711,136.9,4
2712,87.74,3
2713,41.53,1
2714,105.94,3
2715,110.4,4
2716,130.57,3
2717,129.09,4
2718,36,1
2719,61.98,1
2720,47.15,1
2721,68.87,1
2722,122.18,4
2723,136.64,4
2724,42.41,1
2725,69.91,1
2726,67.06,1
2727,108.63,3
2728,132.66,4
2729,30.23,1
2730,61,2
2731,50.29,1
2732,117.9,2
2733,102.8,3
2734,69.47,2
2735,82.42,2
2736,49.25,1
2737,68.8,1
2738,58.63,2
2739,95.01,4
2740,78.09,2
2741,55.09,1
2742,132.72,4
2743,117.99,3
2744,41.76,1
2745,133.19,4
2746,66.18,1
2747,118.62,3
2748,68.89,1
2749,132.99,3
2750,102.22,3
2751,107.91,3
2752,106.45,3
2753,57.57,2
2754,136.21,3
2755,36.25,1
2756,118.68,4
2757,95.01,4
2758,55.88,1
2759,68.99,1
2760,115.3,4
2761,67.42,1
2762,95.01,4
2763,60.64,1
2764,34.8,1
2765,99.92,3
2766,95.01,4
2767,95.01,4
2768,138.84,3
2769,81.02,3
2770,95.01,4
2771,121.22,3
2772,61.51,1
2773,49.33,1
2774,34.98,1
2775,106.38,3
2776,68.27,2
2777,131.45,4
2778,102.4,3
2779,87.08,3
2780,95.01,4
2781,31.95,1
2782,88.2,2
2783,61.32,2
2784,73.04,2
2785,84.33,2
2786,127.86,4
2787,91.89,2
2788,58.68,1
2789,132.34,3
2790,106.44,3
2791,129.34,3
2792,95.01,4
2793,39.98,1
2794,83.61,2
2795,50.72,1
2796,117.25,4
2797,53.32,1
2798,138.89,4
2799,107.51,3
2800,33.23,1
2801,54.3,2
2802,119.14,3
2803,92.76,2
2804,95.01,4
2805,120.03,3
2806,69.58,1
2807,33.01,1
2808,123.58,3
2809,106.25,3
2810,97.13,2
2811,116.21,3
2812,56.17,1
2813,89.32,2
2814,95,3
2815,31.28,1
2816,107.94,3
2817,91.38,2
2818,118.54,3
2819,104.7,2
2820,68.21,4
2821,34.85,1
2822,69.67,1
2823,95.01,4
2824,89.22,2
2825,93.77,2
2826,137.51,3
2827,67.47,1
2828,61.17,2
2829,101.55,3
2830,122.32,4
2831,128.51,4
2832,66.56,1
2833,93.72,3
2834,67.12,1
2835,128.28,4
2836,114.79,4
2837,68.25,1
2838,127.07,3
2839,124.84,4
2840,137.69,4
2841,104.39,2
2842,30.17,1
2843,143.71,4
2844,95,3
2845,126.48,3
2846,60.87,1
2847,33.03,1
2848,56.17,1
2849,122.31,3
2850,95.01,4
2851,66.38,2
2852,113.56,3
2853,36.75,1
2854,54.73,2
2855,95.01,4
2856,99.38,4
2857,86.22,3
2858,97.78,2
2859,51.75,1
2860,95.01,4
2861,126.54,4
2862,141.72,3
2863,57.5,2
2864,80.91,2
2865,86.84,2
2866,63.69,1
2867,66.24,1
2868,142.81,3
2869,95.01,4
2870,43.06,2
2871,95.01,4
2872,61.52,2
2873,92.8,2
2874,94.21,2
2875,41.36,1
2876,95.01,4
2877,122.49,4
2878,33.65,1
2879,95.01,4
2880,139.98,4
2881,138.51,4
2882,95.01,4
2883,58.19,1
2884,95.01,4
2885,116.71,4
2886,95.01,4
2887,59.94,1
2888,53.47,2
2889,36.8,1
2890,97.72,2
2891,58.32,1
2892,135.28,3
2893,80.4,2
2894,103.05,3
2895,56.36,1
2896,95.01,4
2897,56.34,1
2898,109.78,4
2899,49.83,2
2900,92.25,3
2901,95.01,4
2902,89.68,4
2903,63.58,1
2904,96.19,2
2905,70.97,2
2906,107.53,3
2907,134.87,3
2908,71.7,2
2909,124.76,4
2910,95.01,4
2911,98.31,2
2912,84.15,3
2913,31.99,1
2914,70.33,2
2915,122.54,4
2916,122.5,3
2917,44.63,1
2918,116.07,3
2919,49.7,1
2920,64.03,1
2921,63.73,2
2922,65.49,2
2923,95.01,4
2924,94.47,2
2925,95.72,3
2926,68.95,2
2927,42.34,1
2928,113.14,2
2929,68.35,1
2930,100.96,2
2931,65.64,1
2932,61.73,2
2933,87.82,2
2934,55.92,2
2935,130.84,3
2936,92.05,2
2937,99.4,2
2938,30.29,1
2939,134.98,4
2940,93.09,3
2941,64.2,2
2942,38.97,1
2943,129.51,4
2944,133.67,4
2945,88.87,2
2946,44.22,1
2947,109.69,4
2948,71.59,2
2949,53.66,1
2950,93.85,2
2951,111.94,3
2952,78.93,2
2953,101.75,2
2954,64.59,1
2955,95.01,4
2956,141.31,4
2957,33.96,1
2958,127.35,3
2959,58.35,1
2960,55.42,1
2961,133.41,3
2962,91.91,2
2963,111.89,4
2964,67.02,3
2965,132.62,3
2966,114.39,3
2967,95.01,4
2968,109.57,4
2969,95.01,4
2970,74.52,2
2971,56.26,2
2972,76.33,2
2973,35.7,1
2974,67.53,3
2975,86.63,2
2976,31.92,1
2977,45,2
2978,88.3,2
2979,91.19,2
2980,81.63,2
2981,75.84,3
2982,113.64,3
2983,109.42,3
2984,136.4,4
2985,111.12,2
2986,87.72,3
2987,101.72,3
2988,32.09,1
2989,94.4,3
2990,64.6,1
2991,80.1,2
2992,74.26,2
2993,109.89,4
2994,47.95,2
2995,67.22,1
2996,120.56,3
2997,122.02,3
2998,124.56,3
2999,125.34,3
3000,120.32,4
3001,78.78,2
3002,112.76,2
3003,57.71,2
3004,56.79,1
3005,55.76,2
3006,66.8,2
3007,90.96,2
3008,134.22,4
3009,33.95,1
3010,66.66,2
3011,128.43,3
3012,95.01,4
3013,126.9,4
3014,66.72,2
3015,30.94,1
3016,35.34,1
3017,91.99,2
3018,143.63,4
3019,34.87,1
3020,132.1,4
3021,68.29,2
3022,97.38,3
3023,70.15,2
3024,114.74,4
3025,113.28,3
3026,123.02,3
3027,41.58,1
3028,95.01,4
3029,30.18,1
3030,76.62,2
3031,82.08,2
3032,108.63,2
3033,95.01,4
3034,141.99,4
3035,62.05,1
3036,65.45,2
3037,135.71,4
3038,106.6,3
3039,91.87,2
3040,103.66,3
3041,67.67,2
3042,31.19,1
3043,108.39,3
3044,40.61,1
3045,68.37,1
3046,74.5,2
3047,47.07,1
3048,42.8,1
3049,112.57,4
3050,115.88,3
3051,124.88,4
3052,132.87,3
3053,43.02,1
3054,75.22,2
3055,121.33,3
3056,79.85,2
3057,54.79,2
3058,116.17,4
3059,95.01,4
3060,53.97,2
3061,121.91,4
3062,95.01,4
3063,108.82,4
3064,137.38,4
3065,131.46,4
3066,95.01,4
3067,34.48,1
3068,134.35,3
3069,47.49,1
3070,35.27,1
3071,107.76,3
3072,89.48,3
3073,31.83,1
3074,95.01,4
3075,95,3
3076,69.06,1
3077,94.37,2
3078,89.31,4
3079,67.33,3
3080,107.65,3
3081,44.92,1
3082,73.89,3
3083,129.5,3
3084,79.4,2
3085,133.25,3
3086,56.04,1
3087,102.94,4
3088,66.94,2
3089,41.68,1
3090,139.79,4
3091,69.95,1
3092,71.34,2
3093,85.1,2
3094,136.83,4
3095,48.5,1
3096,95.01,4
3097,77.39,2
3098,57.65,2
3099,95.04,2
3100,61.44,2
3101,76.45,2
3102,132.82,3
3103,95.01,4
3104,93.98,4
3105,102.34,3
3106,64.71,1
3107,54.08,1
3108,69.08,1
3109,114.08,4
3110,45.69,2
3111,138.52,3
3112,118.21,4
3113,127.83,3
3114,136.5,3
3115,39.1,1
3116,99.17,3
3117,49.08,1
3118,38.12,1
3119,135.32,4
3120,123.63,3
3121,101.27,3
3122,51.13,1
3123,102.86,3
3124,76.14,2
3125,144.62,3
3126,55.7,1
3127,37.27,1
3128,133.05,4
3129,70.01,3
3130,92.22,4
3131,113.92,3
3132,125.09,4
3133,129.71,3
3134,44.35,1
3135,95.01,4
3136,88.69,2
3137,58.31,2
3138,124.47,4
3139,107.31,2
3140,88.88,2
3141,79.68,2
3142,124.97,4
3143,68.91,1
3144,99.25,3
3145,56.42,2
3146,129.65,3
3147,71.88,3
3148,82.49,2
3149,103.69,3
3150,119.64,3
3151,48.35,1
3152,87.97,2
3153,90.88,3
3154,136.29,3
3155,52.25,2
3156,95.01,4
3157,120.04,3
3158,95.01,4
3159,123.23,4
3160,49.57,1
3161,95.01,4
3162,81.13,2
3163,131.31,3
3164,119.19,4
3165,82.88,2
3166,96.62,2
3167,61.74,2
3168,140.66,4
3169,43.97,1
3170,120.47,4
3171,59.86,1
3172,63.18,3
3173,116.95,4
3174,66.72,1
3175,51.38,2
3176,127.92,3
3177,142.51,3
3178,95.01,4
3179,145.51,3
3180,137.03,4
3181,145.96,4
3182,95.01,4
3183,77.54,2
3184,114.95,3
3185,49.49,1
3186,47.24,2
3187,75.51,3
3188,89.71,2
3189,41.2,1
3190,108.99,2
3191,91.76,3
3192,142.36,4
3193,119.01,4
3194,93.22,3
3195,136.53,4
3196,95.01,4
3197,110.33,2
3198,124.61,4
3199,95.01,4
3200,42.08,1
3201,95.01,4
3202,58.19,1
3203,50.94,1
3204,95.01,4
3205,96.88,2
3206,101.65,4
3207,95.01,4
3208,95.01,4
3209,95.01,4
3210,74.82,2
3211,112.17,4
3212,68.38,2
3213,33.34,1
3214,41.58,1
3215,65.37,1
3216,119.1,4
3217,115.58,3
3218,38.92,1
3219,40.15,1
3220,115.92,4
3221,101.96,3
3222,114.21,4
3223,58.66,1
3224,126.17,3
3225,57.02,1
3226,92.14,3
3227,63.23,2
3228,118.42,3
3229,95.01,4
3230,132.42,4
3231,63.75,2
3232,108.49,3
3233,91.72,3
3234,42.75,1
3235,78.53,2
3236,61.12,1
3237,115.46,3
3238,95.01,4
3239,48.02,1
3240,41.87,1
3241,95.01,4
3242,69.45,2
3243,95.01,4
3244,81.65,2
3245,127.03,4
3246,44.96,1
3247,97.34,4
3248,61.59,1
3249,86.25,2
3250,56.71,2
3251,128.91,4
3252,32.86,1
3253,47.18,1
3254,76.57,2
3255,108.49,3
3256,86.5,3
3257,32.45,1
3258,62.49,1
3259,90.01,3
3260,101.21,2
3261,103.5,3
3262,95.01,4
3263,128.68,3
3264,51.37,1
3265,95.01,4
3266,85.73,2
3267,62.89,1
3268,101.67,3
3269,62.5,1
3270,93.95,2
3271,80.38,2
3272,121.31,4
3273,63.86,1
3274,52.88,1
3275,52.48,1
3276,65.37,2
3277,113.44,3
3278,64.56,1
3279,145.36,4
3280,126.73,3
3281,95,3
3282,59.31,1
3283,91.49,3
3284,58.4,1
3285,88.34,3
3286,57.78,1
3287,115.02,3
3288,100.21,3
3289,122.99,4
3290,114.99,3
3291,89.21,2
3292,70.03,2
3293,95.01,4
3294,48.92,1
3295,84.29,2
3296,123.19,4
3297,97.04,4
3298,119.63,3
3299,48.42,1
3300,67.51,1
3301,66.24,1
3302,30.65,1
3303,94.58,3
3304,68.86,2
3305,33.68,1
3306,111.06,3
3307,134.3,4
3308,47.48,1
3309,30.2,1
3310,48.79,1
3311,95.01,4
3312,96.48,2
3313,95.01,4
3314,140.06,4
3315,68.18,3
3316,95.01,4
3317,95.21,2
3318,55.11,1
3319,144.24,4
3320,95.01,4
3321,31.73,1
3322,42.49,1
3323,91.76,2
3324,79.38,2
3325,142.6,4
3326,124.23,3
3327,95.01,4
3328,34.97,1
3329,110.47,2
3330,95.01,4
3331,111.18,2
3332,93.91,2
3333,132.72,3
3334,78.47,2
3335,31.73,1
3336,95.09,2
3337,34.69,1
3338,132.58,3
3339,61.1,1
3340,93.21,3
3341,71.08,2
3342,53.83,1
3343,95.01,4
3344,102.5,3
3345,123.4,3
3346,71.66,3
3347,131.82,3
3348,58.17,1
3349,59.08,1
3350,64.87,1
3351,32.12,1
3352,136.54,3
3353,111.72,3
3354,109.61,3
3355,66.5,1
3356,144.17,3
3357,35.72,1
3358,95,3
3359,36.9,1
3360,90.44,3
3361,86.28,2
3362,105.61,4
3363,90.15,2
3364,62.19,1
3365,39.04,1
3366,125.67,4
3367,76.62,2
3368,135.1,4
3369,113.25,3
3370,63.51,2
3371,145.81,4
3372,59.99,1
3373,99.29,3
3374,121.8,3
3375,88.32,2
3376,95.01,4
3377,84.78,2
3378,114.33,4
3379,41.88,1
3380,117,3
3381,114.46,4
3382,129.36,4
3383,77.79,2
3384,116.92,3
3385,69.14,1
3386,85.78,2
3387,95.01,4
3388,60.03,1
3389,117.12,3
3390,34.11,1
3391,68.35,1
3392,67.75,2
3393,105.46,2
3394,86.07,4
3395,135.94,4
3396,95.8,3
3397,141.09,4
3398,138.14,4
3399,66.2,2
3400,111.35,4
3401,123.08,3
3402,114.8,4
3403,124.05,3
3404,71.7,2
3405,106.77,3
3406,145.66,3
3407,118.25,4
3408,111.23,3
3409,126.94,4
3410,72.6,2
3411,145.25,4
3412,35.47,1
3413,109.03,3
3414,123.96,4
3415,77.69,2
3416,119.38,3
3417,60.82,1
3418,66.07,1
3419,126.39,4
3420,65.64,1
3421,69.35,2
3422,95.01,4
3423,90.75,3
3424,68.11,2
3425,105.28,3
3426,64.84,3
3427,31.5,1
3428,97.13,3
3429,139.82,4
3430,95.08,2
3431,95.01,4
3432,95.01,4
3433,64.28,2
3434,112.65,3
3435,31.1,1
3436,83.72,2
3437,78.99,2
3438,97.02,2
3439,125.15,3
3440,95.01,4
3441,75.33,2
3442,32.32,1
3443,69.13,3
3444,35.86,1
3445,131.13,4
3446,113.75,3
3447,104.87,3
3448,102.8,3
3449,95,3
3450,122.12,4
3451,124.39,3
3452,65.4,1
3453,69.76,3
3454,116.52,4
3455,95.01,4
3456,97.52,2
3457,91.47,2
3458,95.01,4
3459,60.44,1
3460,81,2
3461,110.84,2
3462,146.05,3
3463,41.9,1
3464,66.17,2
3465,128.9,4
3466,62.65,1
3467,95.01,4
3468,144.92,4
3469,95.01,4
3470,57.08,1
3471,55.42,1
3472,117.69,3
3473,138.48,3
3474,60.9,1
3475,87.48,3
3476,36.08,1
3477,116.16,4
3478,140.01,4
3479,105.67,3
3480,106.08,3
3481,48.33,1
3482,126.44,3
3483,135.47,4
3484,115.23,3
3485,117.08,4
3486,54.45,2
3487,95.01,4
3488,60.11,1
3489,90.79,2
3490,73.45,2
3491,95.01,4
3492,139.24,4
3493,95.01,4
3494,75.91,3
3495,60.96,2
3496,80.06,2
3497,40.25,1
3498,48.65,1
3499,95.01,4
3500,41.67,1
3501,122.82,3
3502,64.92,1
3503,63.97,2
3504,144.44,4
3505,56.19,1
3506,112.18,3
3507,78.95,2
3508,95.01,4
3509,57.07,1
3510,128.88,4
3511,46.05,1
3512,64.14,1
3513,138.88,4
3514,72.45,2
3515,117.64,4
3516,141.85,4
3517,68.52,2
3518,104.93,2
3519,43.32,1
3520,95.01,4
3521,94.06,3
3522,134.06,4
3523,94.63,3
3524,95.01,4
3525,57.07,1
3526,67.7,1
3527,64.9,2
3528,93.03,3
3529,34.75,1
3530,122.09,4
3531,48.67,1
3532,78.93,3
3533,47.04,1
3534,125.29,4
3535,145.23,4
3536,32.41,1
3537,55.9,1
3538,95.01,4
3539,111.21,2
3540,129.35,4
3541,116.02,4
3542,49.61,1
3543,61.33,2
3544,126.78,3
3545,35.84,1
3546,37.41,1
3547,103.51,3
3548,106.06,2
3549,135.32,4
3550,33.54,1
3551,95.01,4
3552,133.73,3
3553,63.22,2
3554,95.01,4
3555,68.79,2
3556,93.73,3
3557,135.82,3
3558,79.51,2
3559,118.92,3
3560,31.2,1
3561,83.63,2
3562,95.14,2
3563,87.8,3
3564,95.01,4
3565,95.01,4
3566,95.01,4
3567,63.22,1
3568,137.07,3
3569,59.92,1
3570,95.01,4
3571,113.64,3
3572,82.17,2
3573,77.42,2
3574,43.52,1
3575,133.6,4
3576,71.03,2
3577,70.76,2
3578,80.27,2
3579,58.84,2
3580,83.74,2
3581,97.15,4
3582,90.22,2
3583,60.89,2
3584,81.51,3
3585,57.67,2
3586,39.6,1
3587,88.19,2
3588,89.47,3
3589,41.36,1
3590,104.24,3
3591,83.7,2
3592,100.02,2
3593,86.62,2
3594,33.98,1
3595,97.48,2
3596,105.61,3
3597,63.67,1
3598,39.97,1
3599,114.48,4
3600,36.07,1
3601,74.01,2
3602,133.1,4
3603,90.61,3
3604,91.89,2
3605,46.91,1
3606,109.31,2
3607,141.88,3
3608,40.79,1
3609,62.45,2
3610,65.98,1
3611,95.01,4
3612,82.32,2
3613,81.63,2
3614,95.01,4
3615,131.27,3
3616,67.77,1
3617,86.79,3
3618,87.64,3
3619,95.87,2
3620,59.97,1
3621,104.18,3
3622,95.01,4
3623,87.86,2
3624,111.34,4
3625,58.89,1
3626,91.27,2
3627,103.91,2
3628,40.84,1
3629,93.11,4
3630,48.96,2
3631,66.29,1
3632,71.38,2
3633,86.41,2
3634,123.82,3
3635,61.92,1
3636,124.53,4
3637,60.01,2
3638,117.78,4
3639,83.58,2
3640,87,3
3641,95.01,4
3642,80.25,2
3643,67.58,2
3644,30.83,1
3645,81.75,2
3646,76.93,2
3647,87.3,2
3648,116.18,3
3649,139.24,4
3650,97.42,2
3651,138.42,3
3652,95.01,4
3653,91.62,2
3654,54.91,2
3655,56.1,1
3656,32.01,1
3657,115.02,3
3658,41.77,1
3659,61.78,2
3660,63.15,1
3661,139.42,4
3662,83.47,3
3663,95.01,4
3664,99.69,3
3665,35.84,1
3666,48.46,1
3667,93.24,2
3668,142.57,3
3669,44.5,1
3670,94.21,3
3671,94.59,2
3672,99.86,3
3673,63.31,1
3674,77.17,2
3675,83.41,3
3676,57.28,1
3677,95.01,4
3678,144.67,3
3679,118,3
3680,90.07,2
3681,57.96,1
3682,50.43,1
3683,94.84,3
3684,116.9,3
3685,118.61,3
3686,66.26,1
3687,97.15,2
3688,43.38,1
3689,131.85,3
3690,78.59,3
3691,112.16,3
3692,125.58,3
3693,143.57,4
3694,95.01,4
3695,95.01,4
3696,36.32,1
3697,85.94,3
3698,55.55,1
3699,32.35,1
3700,72.27,2
3701,75.16,2
3702,63.82,1
3703,60.59,1
3704,60.85,1
3705,81.67,3
3706,46.59,1
3707,43.73,1
3708,62.58,1
3709,104.72,3
3710,95.01,4
3711,95.01,4
3712,61.83,1
3713,95.01,4
3714,135.99,3
3715,111.94,4
3716,78.89,2
3717,95.01,4
3718,124.74,4
3719,55.11,1
3720,78.43,2
3721,49.27,1
3722,125.85,3
3723,95.01,4
3724,36.58,1
3725,125.86,3
3726,65.66,2
3727,127.7,3
3728,95.01,4
3729,95,3
3730,70.58,2
3731,106.76,3
3732,137.59,4
3733,97.95,2
3734,85.76,2
3735,50.01,1
3736,95.01,4
3737,86.57,2
3738,107.07,2
3739,95,3
3740,136.55,4
3741,143.31,4
3742,46.75,1
3743,110.97,3
3744,32.69,1
3745,62.96,1
3746,95.01,4
3747,67.89,1
3748,97.34,2
3749,58.89,1
3750,144.79,4
3751,69.38,1
3752,54.81,2
3753,124.37,3
3754,56.84,1
3755,95.01,4
3756,59.79,1
3757,53.19,1
3758,43.55,1
3759,114.37,3
3760,50.99,1
3761,122.54,4
3762,95.01,4
3763,80.5,2
3764,35.74,1
3765,82.85,3
3766,123.79,4
3767,118.05,3
3768,36.98,1
3769,61.65,1
3770,79.27,2
3771,106.93,3
3772,56.05,2
3773,45.5,2
3774,143.67,4
3775,138.11,4
3776,69.98,2
3777,100.38,3
3778,84.85,2
3779,50.67,1
3780,102.54,3
3781,89.64,2
3782,126.41,4
3783,79.29,3
3784,48.52,1
3785,118.89,3
3786,100.74,3
3787,95.01,4
3788,131.42,4
3789,95.01,4
3790,104.71,3
3791,95,3
3792,69.49,3
3793,104.41,3
3794,120.86,3
3795,48.92,1
3796,44.74,1
3797,95.01,4
3798,34.84,1
3799,83.21,2
3800,124.75,3
3801,95.01,4
3802,106.96,2
3803,97.62,2
3804,65.73,1
3805,116.74,3
3806,39.7,1
3807,84,2
3808,125.92,3
3809,46.31,2
3810,101.38,2
3811,80.76,2
3812,45.33,1
3813,88.7,2
3814,84.51,3
3815,52.45,1
3816,95.01,4
3817,83.24,3
3818,127.6,3
3819,37.48,1
3820,71.34,2
3821,85.29,2
3822,94.81,4
3823,53.22,1
3824,43.95,1
3825,95.01,4
3826,95.01,4
3827,123.12,3
3828,39.2,1
3829,114.62,3
3830,77.57,2
3831,92.05,2
3832,78.07,3
3833,72.36,2
3834,126.42,3
3835,94.37,2
3836,80.99,2
3837,66.47,2
3838,107.13,4
3839,80.83,2
3840,97.29,3
3841,108.14,3
3842,100.6,2
3843,55.84,2
3844,33.48,1
3845,51.92,1
3846,95.01,4
3847,57.36,1
3848,127.22,3
3849,95.01,4
3850,34.24,1
3851,129.76,4
3852,95.01,4
3853,131.83,3
3854,106.24,2
3855,80.67,2
3856,95.01,4
3857,40.78,1
3858,94.34,2
3859,82.44,3
3860,89.66,3
3861,71.9,2
3862,107.38,2
3863,99.91,4
3864,85.06,2
3865,84.01,2
3866,79.65,2
3867,98.77,2
3868,96.55,2
3869,113.35,4
3870,95.01,4
3871,95.01,4
3872,56.97,1
3873,133.17,4
3874,134.89,3
3875,129.76,3
3876,145.35,4
3877,57.79,1
3878,63.4,1
3879,53.62,2
3880,42.78,1
3881,100.24,2
3882,99.01,3
3883,129.25,3
3884,117.19,3
3885,125.48,3
3886,107.19,3
3887,95.01,4
3888,81.61,2
3889,95.18,2
3890,95.01,4
3891,106.53,3
3892,110.26,4
3893,44.44,1
3894,59.76,1
3895,98.13,3
3896,35.1,1
3897,95.01,4
3898,95.01,4
3899,108.64,2
3900,91.6,3
3901,117.93,3
3902,67.7,1
3903,114.17,3
3904,52.29,1
3905,95.01,4
3906,120.59,3
3907,102,2
3908,86.96,2
3909,42.28,1
3910,74.54,3
3911,133.75,4
3912,143.54,4
3913,59.34,2
3914,132.18,4
3915,101.29,2
3916,95.01,4
3917,54.53,1
3918,114.2,3
3919,76.47,2
3920,53.86,1
3921,85.28,2
3922,123.47,4
3923,83.28,4
3924,47.93,2
3925,62.17,1
3926,36.81,1
3927,98.33,3
3928,52.95,2
3929,95.01,4
3930,61.28,3
3931,35.42,1
3932,141.13,4
3933,69.18,2
3934,122.71,3
3935,131.25,3
3936,34.75,1
3937,119.41,3
3938,68.69,2
3939,95.01,4
3940,45.21,1
3941,138.98,4
3942,52.66,1
3943,56.31,1
3944,95.01,4
3945,107.02,4
3946,46.48,1
3947,121.02,3
3948,66.73,1
3949,133.27,3
3950,103.42,3
3951,59.74,2
3952,89.23,2
3953,96.88,3
3954,112.87,2
3955,65.15,1
3956,62.23,1
3957,116.55,3
3958,105.05,3
3959,37.68,1
3960,64.31,1
3961,112.99,3
3962,86.78,3
3963,52.06,1
3964,106.68,3
3965,48.36,1
3966,30.63,1
3967,77.47,2
3968,104.38,2
3969,121.62,4
3970,133.16,3
3971,120.29,3
3972,44.91,1
3973,119.6,4
3974,130.16,3
3975,61.2,2
3976,106.44,3
3977,139.93,4
3978,132.22,4
3979,58.47,1
3980,59.7,1
3981,133.91,4
3982,89.29,3
3983,96.03,2
3984,67.11,1
3985,51.47,2
3986,56.59,1
3987,85.16,2
3988,67.45,1
3989,56.39,1
3990,93.41,3
3991,30.03,1
3992,95.01,4
3993,49.94,1
3994,127.85,3
3995,53.37,1
3996,95.01,4
3997,112.23,4
3998,95.01,4
3999,100.19,2
4000,32.17,1
4001,122.49,4
4002,37.35,1
4003,32.19,1
4004,94.34,3
4005,96.85,2
4006,144.43,3
4007,77.81,2
4008,119.05,4
4009,135.01,3
4010,85.08,3
4011,136.32,3
4012,131.33,4
4013,63.68,1
4014,84.07,3
4015,82.74,2
4016,95.01,4
4017,95.01,4
4018,106.65,2
4019,63.06,3
4020,116.67,3
4021,119.67,3
4022,65.7,2
4023,127.09,4
4024,84.46,3
4025,85.06,2
4026,95.01,4
4027,118.65,3
4028,70.69,2
4029,71.84,2
4030,123.87,3
4031,68.45,1
4032,59.35,1
4033,68.93,2
4034,33.78,1
4035,72.94,2
4036,50.03,1
4037,65.23,1
4038,92.99,3
4039,51.45,2
4040,125.34,4
4041,111.56,3
4042,102.59,4
4043,89.79,3
4044,140.34,4
4045,61.11,2
4046,31.76,1
4047,65.77,2
4048,61.39,1
4049,41.13,1
4050,137.38,4
4051,114.99,3
4052,39.19,1
4053,46.03,1
4054,95.01,4
4055,86.5,2
4056,82.79,4
4057,59.45,1
4058,38.7,1
4059,52.89,2
4060,125.21,3
4061,79.32,2
4062,46.56,1
4063,94.39,3
4064,63.56,2
4065,114.78,3
4066,69.46,1
4067,122.82,3
4068,95.01,4
4069,131.94,4
4070,106.38,3
4071,88.87,2
4072,42.72,1
4073,68.91,1
4074,132.61,3
4075,41.9,1
4076,46.73,1
4077,125.02,4
4078,95.01,4
4079,136.07,3
4080,79.65,3
4081,44.24,1
4082,125.57,4
4083,33.08,1
4084,95.01,4
4085,105.89,3
4086,136.78,3
4087,129.38,4
4088,95.01,4
4089,63.39,1
4090,106.23,2
4091,113.11,4
4092,122.18,4
4093,108.89,3
4094,95.01,4
4095,100.41,2
4096,79.04,2
4097,95.01,4
4098,30.38,1
4099,133.4,3
4100,62.92,2
4101,31.93,1
4102,60.57,2
4103,81.93,2
4104,95.01,4
4105,54.25,2
4106,82.02,3
4107,95.01,4
4108,96.34,3
4109,122.33,3
4110,58.51,1
4111,140.93,4
4112,110.1,3
4113,122.26,4
4114,38.62,1
4115,76.05,2
4116,99.95,2
4117,53.86,1
4118,111.49,4
4119,67.31,1
4120,62.87,1
4121,134.53,4
4122,78.53,2
4123,53.21,1
4124,61.6,1
4125,105.6,3
4126,65.57,1
4127,129.9,4
4128,85.01,2
4129,141.59,4
4130,86.25,3
4131,95.01,4
4132,136.41,3
4133,65.74,2
4134,46.03,1
4135,67.98,2
4136,116.42,3
4137,44.95,1
4138,91.43,3
4139,98.78,2
4140,104.01,2
4141,92.65,2
4142,89.59,2
4143,114.67,4
4144,102.91,3
4145,30.01,1
4146,105.27,3
4147,120.69,3
4148,95.01,4
4149,69.58,1
4150,37.4,1
4151,58.6,2
4152,63.04,1
4153,95.01,4
4154,62.83,1
4155,83.72,2
4156,135.31,4
4157,52.17,1
4158,43.55,1
4159,95.01,4
4160,95.01,4
4161,89.81,3
4162,53.48,1
4163,115.63,3
4164,52.07,1
4165,76.06,2
4166,73.59,2
4167,65.69,2
4168,68.5,1
4169,116.6,3
4170,67.57,1
4171,95,3
4172,56.1,1
4173,42.58,1
4174,53.66,2
4175,78.55,2
4176,60.35,1
4177,91.64,4
4178,66.27,1
4179,53.63,1
4180,134.45,4
4181,44.46,1
4182,68.5,2
4183,108.3,4
4184,133.7,4
4185,116.93,4
4186,68.58,3
4187,101.9,4
4188,93.26,2
4189,95.01,4
4190,105.83,4
4191,133.72,3
4192,53.99,1
4193,84.81,3
4194,36.01,1
4195,52.23,1
4196,138.45,4
4197,36.8,1
4198,136.08,3
4199,47.98,1
4200,45.92,1
4201,56.19,1
4202,95.01,4
4203,35.12,1
4204,69.86,2
4205,51.26,1
4206,49.26,1
4207,61,1
4208,126.37,3
4209,83.06,2
4210,45.83,1
4211,59.41,2
4212,95.01,4
4213,102.51,2
4214,36.79,1
4215,65.03,1
4216,41.66,1
4217,93.02,2
4218,64.32,1
4219,138.25,3
4220,95.01,4
4221,89.13,2
4222,43.34,1
4223,96.06,2
4224,95.26,4
4225,145.18,4
4226,87.55,2
4227,124.09,4
4228,68.14,1
4229,106.54,2
4230,99.65,3
4231,38.8,1
4232,139.49,4
4233,77.07,2
4234,95.01,4
4235,91.32,2
4236,79.86,2
4237,115.7,3
4238,71.99,2
4239,68.05,1
4240,65.19,2
4241,82.88,3
4242,66.2,1
4243,82.54,3
4244,66.47,3
4245,95.01,4
4246,96.72,2
4247,95.01,4
4248,120.39,4
4249,65.93,1
4250,95.01,4
4251,67.92,1
4252,49.81,1
4253,95.01,4
4254,72.17,2
4255,64.69,1
4256,77.67,3
4257,62.31,2
4258,66.06,1
4259,57.04,1
4260,48.33,2
4261,130.33,3
4262,95.01,4
4263,45.42,1
4264,72.3,2
4265,74.23,2
4266,41.33,1
4267,95.01,4
4268,61.62,2
4269,106.6,2
4270,48.21,1
4271,79.86,2
4272,43.99,1
4273,42.73,1
4274,48.45,1
4275,117.66,3
4276,34.93,1
4277,96.23,4
4278,99.79,2
4279,31.09,1
4280,95.01,4
4281,95.01,4
4282,55.04,1
4283,123.91,4
4284,94,2
4285,52.9,1
4286,97.23,2
4287,95.01,4
4288,112.71,4
4289,137.88,3
4290,107.11,3
4291,54.91,1
4292,144.58,3
4293,49.73,1
4294,120.12,3
4295,66.85,2
4296,138.59,4
4297,32.15,1
4298,114.9,4
4299,124.49,3
4300,93.65,3
4301,112.82,3
4302,78.13,3
4303,111.81,4
4304,75.65,3
4305,109.28,3
4306,51.15,2
4307,111.55,3
4308,101,3
4309,95.01,4
4310,68.02,1
4311,144.84,4
4312,101.89,3
4313,59.28,1
4314,51.18,1
4315,103.15,4
4316,36.61,1
4317,95,3
4318,81.14,2
4319,117.36,3
4320,56.78,2
4321,58.26,2
4322,105.08,2
4323,51.63,1
4324,123.95,4
4325,118.03,3
4326,95.01,4
4327,55.14,1
4328,142.39,4
4329,104.9,2
4330,133.77,3
4331,88.95,2
4332,79.88,2
4333,95,3
4334,105.76,2
4335,95,3
4336,48.7,1
4337,117.43,2
4338,56.55,1
4339,95.01,4
4340,79.78,2
4341,132.54,3
4342,144.96,4
4343,103.15,2
4344,95.01,4
4345,88.78,3
4346,41.73,1
4347,85.51,2
4348,135.46,4
4349,68.25,3
4350,56.46,1
4351,139.11,4
4352,75.4,2
4353,136.25,3
4354,116.1,2
4355,145.89,4
4356,73.34,2
4357,119.39,3
4358,54.56,2
4359,60.61,2
4360,130.57,4
4361,81.85,2
4362,117.55,4
4363,63.14,2
4364,97.36,3
4365,135.53,3
4366,139.24,4
4367,127.82,4
4368,66.59,1
4369,95.01,4
4370,72.42,2
4371,85.84,2
4372,95.01,4
4373,58.58,1
4374,48.03,1
4375,112.18,4
4376,95.01,4
4377,54.59,1
4378,61.43,1
4379,112.89,3
4380,116.18,3
4381,84.62,2
4382,143.2,3
4383,106.89,3
4384,105.42,3
4385,95.01,4
4386,95.76,2
4387,75.84,2
4388,77.26,2
4389,35.76,1
4390,103.41,3
4391,97.18,3
4392,60.99,1
4393,138.28,4
4394,62.78,2
4395,118.27,2
4396,95.01,4
4397,51.86,1
4398,63.14,1
4399,83.93,2
4400,84.83,2
4401,121.49,4
4402,94.14,2
4403,108.52,3
4404,76.89,3
4405,35.35,1
4406,95.01,4
4407,31.64,1
4408,110.16,3
4409,131.34,3
4410,95.01,4
4411,130.14,3
4412,114.67,3
4413,77.45,2
4414,51.55,1
4415,109.82,3
4416,134.83,4
4417,69.67,2
4418,135.49,4
4419,129.32,3
4420,77.94,2
4421,95.01,4
4422,95.01,4
4423,49.1,2
4424,66.65,2
4425,138.79,4
4426,95.01,4
4427,65.09,1
4428,134.71,4
4429,109.85,2
4430,99.24,2
4431,63.19,1
4432,99.9,3
4433,120.8,3
4434,62.98,1
4435,39.76,1
4436,43.15,1
4437,95.01,4
4438,84.3,2
4439,135.65,3
4440,95.01,4
4441,42.33,1
4442,103.01,2
4443,72.77,2
4444,40.38,1
4445,110.33,3
4446,135.52,4
4447,70.03,2
4448,143.5,4
4449,72.74,3
4450,64.73,1
4451,111.28,3
4452,125.64,3
4453,86.15,4
4454,81.27,2
4455,110.65,4
4456,57.93,2
4457,95,3
4458,50.73,1
4459,79.62,2
4460,101.46,3
4461,104.91,2
4462,76.85,2
4463,60.67,2
4464,59.73,1
4465,100.59,3
4466,54.97,1
4467,122.97,3
4468,55.07,2
4469,62,1
4470,95.01,4
4471,140.23,3
4472,95.01,4
4473,107.63,3
4474,120.29,4
4475,139.38,4
4476,95.98,2
4477,114.96,3
4478,143.28,4
4479,144.7,4
4480,93.23,3
4481,120.26,3
4482,128.97,4
4483,129.29,4
4484,93.2,3
4485,132.94,4
4486,49.28,2
4487,115.13,3
4488,104.64,3
4489,84.39,3
4490,95,3
4491,89.13,3
4492,87.99,3
4493,59.61,2
4494,41.78,1
4495,96.92,2
4496,68.51,2
4497,103.92,3
4498,52.64,1
4499,54.67,1
4500,35.47,1
4501,131.09,3
4502,95.01,4
4503,100.55,2
4504,109.74,3
4505,57.32,1
4506,105.91,3
4507,89.51,2
4508,47.93,1
4509,44.48,1
4510,125.33,4
4511,50.88,1
4512,123.29,3
4513,94.07,3
4514,136.54,4
4515,46.95,2
4516,110.27,2
4517,117.9,4
4518,71.81,2
4519,105.33,4
4520,33.58,1
4521,102.47,2
4522,95.01,4
4523,98.72,2
4524,100.94,2
4525,95.01,4
4526,59.57,1
4527,85.35,4
4528,44.49,1
4529,114.47,3
4530,142.58,3
4531,91.3,2
4532,111.02,2
4533,95.01,4
4534,52.49,1
4535,90.08,3
4536,51.43,1
4537,76.63,3
4538,143.67,3
4539,55.47,1
4540,49.36,1
4541,47.46,1
4542,138.86,4
4543,74.97,2
4544,95.01,4
4545,50.92,1
4546,104.1,2
4547,95.01,4
4548,106.15,3
4549,116.44,3
4550,132.1,4
4551,122.37,4
4552,131.59,3
4553,121.19,4
4554,124.17,3
4555,100.56,2
4556,60.09,1
4557,98.22,2
4558,72.94,2
4559,103.74,3
4560,91.13,2
4561,121.77,4
4562,86.97,3
4563,34.28,1
4564,95.01,4
4565,95.01,4
4566,98.42,2
4567,90.78,2
4568,117.69,4
4569,121.11,4
4570,119.01,3
4571,142.16,4
4572,82.3,2
4573,61.92,1
4574,37.94,1
4575,144.6,4
4576,95.01,4
4577,96.11,3
4578,110.99,3
4579,83.5,2
4580,132.96,4
4581,134.06,4
4582,62.62,1
4583,145.41,3
4584,122.53,4
4585,128.07,4
4586,104.91,3
4587,62.98,1
4588,145.02,4
4589,64.75,2
4590,102.41,3
4591,54.45,1
4592,112.14,4
4593,47.85,1
4594,68.75,1
4595,103.86,4
4596,79.19,2
4597,49.77,1
4598,113.27,4
4599,41.56,1
4600,95.01,4
4601,31.85,1
4602,84.89,3
4603,42.1,1
4604,97.35,3
4605,84.04,3
4606,131.89,4
4607,57.02,1
4608,63.24,2
4609,142.31,4
4610,56.5,1
4611,95.01,4
4612,95.74,2
4613,118.5,4
4614,85.41,3
4615,129.16,4
4616,125.29,3
4617,85.58,2
4618,77.94,3
4619,103.97,3
4620,80.11,2
4621,130.08,4
4622,96.9,2
4623,116.03,3
4624,121.65,4
4625,91.33,2
4626,103.93,3
4627,38.8,1
4628,119.31,3
4629,140.04,3
4630,38.96,1
4631,120.31,4
4632,45.17,2
4633,111.62,3
4634,122.02,3
4635,31.82,1
4636,78.43,2
4637,60.31,2
4638,34.5,1
4639,144.25,4
4640,114.11,3
4641,117.32,3
4642,85.96,2
4643,105.86,4
4644,95.01,4
4645,136,4
4646,79.88,3
4647,118.91,4
4648,130.8,4
4649,80.67,2
4650,115.38,3
4651,68.22,1
4652,78.5,2
4653,66.04,1
4654,122.5,3
4655,133.72,4
4656,106.08,2
4657,40.82,1
4658,66.43,1
4659,65.33,2
4660,33.94,1
4661,71.99,2
4662,68.87,2
4663,126.1,4
4664,128.77,4
4665,113.05,4
4666,80.66,3
4667,115.66,3
4668,95,3
4669,69.32,2
4670,107.82,4
4671,141.86,4
4672,93.88,3
4673,95.01,4
4674,56.9,1
4675,133.71,4
4676,142.24,3
4677,69.44,2
4678,106.27,3
4679,103.13,2
4680,100.04,3
4681,95.01,4
4682,59.1,3
4683,62.5,2
4684,105.21,2
4685,39.11,1
4686,114.55,2
4687,120.28,4
4688,123.79,3
4689,115,4
4690,119.76,3
4691,114.89,4
4692,90.86,2
4693,105.76,3
4694,64.04,1
4695,135.71,4
4696,39.93,1
4697,100.25,3
4698,130.59,4
4699,77.27,2
4700,104.31,4
4701,145.54,4
4702,50.94,1
4703,131.33,4
4704,54,1
4705,126.42,3
4706,95.01,4
4707,79.49,2
4708,95.01,4
4709,37.21,1
4710,119.95,3
4711,101.94,3
4712,63.94,2
4713,117.76,3
4714,95.01,4
4715,59.85,2
4716,71.11,2
4717,101.55,2
4718,50.51,1
4719,44.62,1
4720,95.13,2
4721,63.66,2
4722,126.04,4
4723,64.28,1
4724,32.45,1
4725,132.92,3
4726,63.49,1
4727,53.14,1
4728,45.96,1
4729,115.49,3
4730,95.01,4
4731,64.23,1
4732,95.01,4
4733,37.26,1
4734,58.97,1
4735,112.12,4
4736,67.79,1
4737,38.57,1
4738,95.01,4
4739,56.99,1
4740,85.9,2
4741,135.93,4
4742,104.87,3
4743,95.01,4
4744,66.15,2
4745,100.17,3
4746,95,3
4747,36.54,1
4748,112.96,3
4749,138.35,4
4750,65.34,2
4751,54.88,1
4752,55.22,1
4753,64.32,1
4754,93,3
4755,107.83,3
4756,74.78,2
4757,136.29,4
4758,112.1,3
4759,124.35,3
4760,62.01,1
4761,146,4
4762,71.48,2
4763,59,1
4764,138.28,4
4765,62.46,1
4766,46.45,2
4767,30.69,1
4768,83.59,2
4769,95.01,4
4770,55.13,1
4771,89.71,2
4772,68.84,1
4773,83.43,3
4774,76.79,2
4775,132.68,4
4776,118.83,4
4777,115.86,4
4778,106.62,3
4779,48.38,2
4780,60.25,1
4781,132.63,4
4782,101,2
4783,119.7,3
4784,95,3
4785,118.18,2
4786,95.2,2
4787,68.73,2
4788,116.36,3
4789,83.88,2
4790,95.01,4
4791,112.8,3
4792,122.31,3
4793,98.69,2
4794,97.81,2
4795,95.01,4
4796,39.57,1
4797,77.95,2
4798,121.36,3
4799,45.17,2
4800,115.95,4
4801,41.3,1
4802,47.8,1
4803,57.34,1
4804,107.49,3
4805,51.87,2
4806,55.3,1
4807,95.01,4
4808,123.25,4
4809,77.23,2
4810,50.6,1
4811,62.89,2
4812,102.71,2
4813,62.79,1
4814,43.49,1
4815,47.69,2
4816,98.31,3
4817,101.55,3
4818,95.01,4
4819,106.33,2
4820,85.22,2
4821,78.72,2
4822,144.8,4
4823,50.63,1
4824,110.83,4
4825,118.02,4
4826,111.78,3
4827,131.45,3
4828,72.74,2
4829,121.52,3
4830,30.21,1
4831,40.67,1
4832,125.75,4
4833,109.79,3
4834,74.41,2
4835,111.19,3
4836,95.01,4
4837,33.14,1
4838,115.98,4
4839,70.53,2
4840,116.71,4
4841,114.06,3
4842,32.56,1
4843,86.83,3
4844,128.24,4
4845,95.01,4
4846,63.49,2
4847,128.35,4
4848,30.75,1
4849,32.64,1
4850,121.06,3
4851,109.74,3
4852,81.38,2
4853,35.95,1
4854,59.43,1
4855,44.35,1
4856,59.39,1
4857,98.85,2
4858,117.03,4
4859,38.83,1
4860,75.95,2
4861,129.65,4
4862,35.91,1
4863,63.45,1
4864,142.14,4
4865,94.26,2
4866,95.01,4
4867,136.46,4
4868,74.75,3
4869,116.3,4
4870,138.43,4
4871,130.77,3
4872,37.68,1
4873,43.77,1
4874,111.02,4
4875,69.91,1
4876,95.01,4
4877,113.29,2
4878,115.74,4
4879,95.01,4
4880,68.82,3
4881,125.37,4
4882,100.98,3
4883,95.01,4
4884,51.91,1
4885,46.89,1
4886,64.45,1
4887,75.3,2
4888,132.71,3
4889,86.36,4
4890,31.53,1
4891,95,3
4892,61.34,3
4893,53.69,1
4894,95.01,4
4895,38.88,1
4896,138.13,3
4897,87.78,3
4898,62.73,1
4899,71.77,2
4900,132.14,4
4901,99.44,3
4902,95.01,4
4903,95.01,4
4904,123.09,4
4905,79.44,2
4906,68.89,1
4907,95.4,3
4908,99.69,2
4909,118.43,3
4910,129.07,4
4911,59.6,2
4912,113.89,4
4913,84.34,2
4914,55.09,1
4915,95.01,4
4916,87.69,2
4917,61.22,3
4918,120.27,4
4919,129.55,3
4920,124.22,3
4921,43.14,1
4922,42.22,1
4923,90.38,2
4924,81,3
4925,54.68,2
4926,95.01,4
4927,60.06,1
4928,73.76,2
4929,125.77,4
4930,116.18,3
4931,124.67,3
4932,87.84,2
4933,69.15,2
4934,95,3
4935,112.44,3
4936,49.8,1
4937,127,4
4938,127.61,3
4939,74.71,2
4940,106.82,4
4941,62.33,1
4942,129.4,3
4943,51.66,2
4944,76.38,2
4945,62.82,2
4946,52.6,1
4947,115.33,4
4948,95.01,4
4949,95.01,4
4950,71.9,2
4951,139.25,4
4952,109.73,3
4953,86.94,2
4954,134.54,3
4955,129.26,4
4956,113.17,3
4957,79.41,2
4958,90.42,3
4959,120.8,4
4960,101.3,2
4961,76.91,3
4962,105.47,3
4963,95.01,4
4964,125.28,3
4965,69.59,2
4966,104.68,3
4967,86.49,2
4968,131.05,3
4969,95.01,4
4970,52.18,1
4971,97.95,2
4972,131.83,4
4973,141.4,4
4974,76.22,3
4975,101.4,2
4976,93.94,4
4977,62.06,2
4978,93.23,4
4979,47.35,1
4980,94.86,2
4981,119.35,3
4982,85.33,2
4983,31.49,1
4984,81.99,2
4985,88.06,2
4986,87.7,3
4987,95.01,4
4988,122.49,3
4989,66.36,1
4990,91.83,2
4991,97.52,2
4992,32.94,1
4993,52.29,1
4994,95.01,4
4995,95.15,2
4996,39.64,1
4997,87.59,2
4998,111.1,3
4999,67.52,1
5000,44.77,2
