SANCTIONS_ID,LIST_SOURCE,ENTITY_TYPE,ENTITY_NAME,ALIASES,COUNTRY_ID,PROGRAM,SANCTIONS_TYPE,EFFECTIVE_DATE,EXPIRY_DATE,IS_ACTIVE,LAST_UPDATED
1501,UK,INDIVIDUAL,Neal Schinner,[],20,CYBER,SDN,2026-03-01,,True,2026-06-24 16:17:32
1502,OFAC,ORGANIZATION,TrialX,[],3,IRAN,SDN,2025-11-01,,True,2026-06-24 16:17:32
1503,UN,INDIVIDUAL,Mossie Kunze,[],10,SYRIA,SDN,2025-12-12,,True,2026-06-24 16:17:32
1504,OFAC,INDIVIDUAL,Emilio Jakubowski,[],23,SDGT,SDN,2026-01-13,,True,2026-06-24 16:17:32
1505,OFAC,INDIVIDUAL,Janie Nolan,[],21,SYRIA,SDN,2025-08-01,,True,2026-06-24 16:17:32
1506,EU,INDIVIDUAL,Garret Mann,[],4,CYBER,SDN,2025-10-04,,True,2026-06-24 16:17:32
1507,EU,INDIVIDUAL,Tyrique Stroman,[],15,RUSSIA,SDN,2026-02-19,,True,2026-06-24 16:17:32
1508,OFAC,ORGANIZATION,ideas42,[],8,IRAN,SDN,2026-02-14,,True,2026-06-24 16:17:32
1509,EU,INDIVIDUAL,Aletha Walker,[],6,DPRK,SDN,2026-04-16,,True,2026-06-24 16:17:32
1510,OFAC,INDIVIDUAL,Renee Franecki,[],16,RUSSIA,SDN,2025-09-29,,True,2026-06-24 16:17:32
1511,UK,INDIVIDUAL,Elmira Torphy,[],22,IRAN,SDN,2026-01-13,,True,2026-06-24 16:17:32
1512,OFAC,INDIVIDUAL,Karianne Fritsch,[],23,SDGT,SDN,2026-06-07,,True,2026-06-24 16:17:32
1513,OFAC,INDIVIDUAL,Isabelle Brakus,[],23,SYRIA,SDN,2026-02-03,,True,2026-06-24 16:17:32
1514,UK,INDIVIDUAL,Sylvester Flatley,[],5,RUSSIA,SDN,2026-01-12,,True,2026-06-24 16:17:32
1515,UK,INDIVIDUAL,Zaria Johnson,[],22,CUBA,SDN,2026-05-01,,True,2026-06-24 16:17:32
1516,EU,INDIVIDUAL,Ignacio Feest,[],18,CUBA,SDN,2026-02-15,,True,2026-06-24 16:17:32
1517,OFAC,ORGANIZATION,Foursquare,[],1,CUBA,SDN,2026-06-15,,True,2026-06-24 16:17:32
1518,OFAC,ORGANIZATION,T. Rowe Price,[],2,CYBER,SDN,2025-11-15,,True,2026-06-24 16:17:32
1519,OFAC,INDIVIDUAL,Bartholome Jones,[],19,DPRK,SDN,2025-07-07,,True,2026-06-24 16:17:32
1520,UK,INDIVIDUAL,Marco Smitham,[],11,SDGT,SDN,2025-10-30,,True,2026-06-24 16:17:32
1521,UK,ORGANIZATION,Energy Solutions Forum,[],13,IRAN,SDN,2025-07-30,,True,2026-06-24 16:17:32
1522,UK,ORGANIZATION,SimpleTuition,[],14,VENEZUELA,SDN,2026-01-06,,True,2026-06-24 16:17:32
1523,OFAC,VESSEL,MV ring,[],1,SDGT,SDN,2025-07-24,,True,2026-06-24 16:17:32
1524,OFAC,INDIVIDUAL,Vicenta Jaskolski,[],17,CUBA,SDN,2026-05-13,,True,2026-06-24 16:17:32
1525,UN,INDIVIDUAL,Omer Sauer,[],15,VENEZUELA,SDN,2025-10-17,,True,2026-06-24 16:17:32
1526,OFAC,ORGANIZATION,NextBus,[],15,CUBA,SDN,2025-09-19,,True,2026-06-24 16:17:32
1527,UN,INDIVIDUAL,Alexzander Bruen,[],22,CYBER,SDN,2026-03-30,,True,2026-06-24 16:17:32
1528,OFAC,INDIVIDUAL,Lea McKenzie,[],12,DPRK,SDN,2026-01-24,,True,2026-06-24 16:17:32
1529,UN,ORGANIZATION,Politify,[],19,CUBA,SDN,2025-12-30,,True,2026-06-24 16:17:32
1530,UN,INDIVIDUAL,Eve Funk,[],9,RUSSIA,SDN,2025-08-21,,True,2026-06-24 16:17:32
1531,OFAC,INDIVIDUAL,Lambert Wunsch,[],3,SDGT,SDN,2026-01-19,,True,2026-06-24 16:17:32
1532,UN,INDIVIDUAL,Arden Bahringer,[],23,RUSSIA,SDN,2026-05-13,,True,2026-06-24 16:17:32
1533,UN,ORGANIZATION,Weather Underground,[],13,VENEZUELA,SDN,2025-12-02,,True,2026-06-24 16:17:32
1534,OFAC,INDIVIDUAL,Sandra Smitham,[],13,DPRK,SDN,2025-08-27,,True,2026-06-24 16:17:32
1535,UK,INDIVIDUAL,Georgianna Considine,[],20,SDGT,SDN,2026-06-09,,True,2026-06-24 16:17:32
1536,OFAC,ORGANIZATION,TuvaLabs,[],1,DPRK,SDN,2026-04-20,,True,2026-06-24 16:17:32
1537,OFAC,ORGANIZATION,Lending Club,[],23,CYBER,SDN,2026-02-23,,True,2026-06-24 16:17:32
1538,UN,INDIVIDUAL,Matilde Lind,[],5,SYRIA,SDN,2025-09-14,,True,2026-06-24 16:17:32
1539,UN,INDIVIDUAL,Blaise Blick,[],20,DPRK,SDN,2025-11-03,,True,2026-06-24 16:17:32
1540,OFAC,ORGANIZATION,Retroficiency,[],5,SYRIA,SDN,2026-03-26,,True,2026-06-24 16:17:32
1541,UN,ORGANIZATION,Appallicious,[],20,RUSSIA,SDN,2025-09-28,,True,2026-06-24 16:17:32
1542,UK,ORGANIZATION,Weight Watchers,[],5,SDGT,SDN,2026-01-03,,True,2026-06-24 16:17:32
1543,UN,INDIVIDUAL,Jana Stehr,[],15,SYRIA,SDN,2025-11-12,,True,2026-06-24 16:17:32
1544,OFAC,ORGANIZATION,DataMarket,[],14,SDGT,SDN,2026-01-13,,True,2026-06-24 16:17:32
1545,UK,INDIVIDUAL,Rodrick Paucek,[],19,SDGT,SDN,2026-03-06,,True,2026-06-24 16:17:32
1546,OFAC,VESSEL,MV her,[],22,RUSSIA,SDN,2025-09-01,,True,2026-06-24 16:17:32
1547,EU,ORGANIZATION,SeeClickFix,[],21,IRAN,SDN,2025-11-06,,True,2026-06-24 16:17:32
1548,EU,INDIVIDUAL,Karolann McDermott,[],2,CUBA,SDN,2025-10-09,,True,2026-06-24 16:17:32
1549,OFAC,INDIVIDUAL,Belle Schoen,[],17,VENEZUELA,SDN,2026-03-16,,True,2026-06-24 16:17:32
1550,UN,ORGANIZATION,Avalara,[],7,RUSSIA,SDN,2025-07-20,,True,2026-06-24 16:17:32
1551,UK,INDIVIDUAL,Alivia Borer,[],15,SYRIA,SDN,2026-04-15,,True,2026-06-24 16:17:32
1552,OFAC,INDIVIDUAL,Jovani Gislason,[],20,RUSSIA,SDN,2025-09-02,,True,2026-06-24 16:17:32
1553,EU,ORGANIZATION,"Ontodia, Inc",[],15,CYBER,SDN,2025-07-28,,True,2026-06-24 16:17:32
1554,OFAC,VESSEL,MV was,[],13,RUSSIA,SDN,2025-11-15,,True,2026-06-24 16:17:32
1555,OFAC,ORGANIZATION,TrustedID,[],17,SYRIA,SDN,2025-12-19,,True,2026-06-24 16:17:32
1556,OFAC,ORGANIZATION,Knowledge Agency,[],12,VENEZUELA,SDN,2025-09-11,,True,2026-06-24 16:17:32
1557,OFAC,INDIVIDUAL,Camden Heathcote,[],10,RUSSIA,SDN,2026-02-14,,True,2026-06-24 16:17:32
1558,UK,ORGANIZATION,IFI CLAIMS Patent Services,[],12,RUSSIA,SDN,2025-10-30,,True,2026-06-24 16:17:32
1559,OFAC,INDIVIDUAL,Giuseppe Jakubowski,[],8,SDGT,SDN,2025-07-28,,True,2026-06-24 16:17:32
1560,EU,INDIVIDUAL,Daija Kunde,[],4,SDGT,SDN,2026-03-24,,True,2026-06-24 16:17:32
1561,OFAC,INDIVIDUAL,Aylin Schimmel,[],22,DPRK,SDN,2025-10-23,,True,2026-06-24 16:17:32
1562,OFAC,ORGANIZATION,BillGuard,[],15,CUBA,SDN,2026-01-22,,True,2026-06-24 16:17:32
1563,UN,INDIVIDUAL,Enoch Lebsack,[],4,RUSSIA,SDN,2026-05-28,,True,2026-06-24 16:17:32
1564,OFAC,INDIVIDUAL,Shaun Ritchie,[],7,CUBA,SDN,2026-06-24,,True,2026-06-24 16:17:32
1565,UK,ORGANIZATION,TrustedID,[],20,CUBA,SDN,2025-07-11,,True,2026-06-24 16:17:32
1566,OFAC,ORGANIZATION,Geolytics,[],19,RUSSIA,SDN,2025-07-16,,True,2026-06-24 16:17:32
1567,EU,INDIVIDUAL,Clark Steuber,[],4,SDGT,SDN,2026-01-09,,True,2026-06-24 16:17:32
1568,UK,INDIVIDUAL,Prince Moen,[],14,SDGT,SDN,2025-12-03,,True,2026-06-24 16:17:32
1569,OFAC,ORGANIZATION,MedWatcher,[],15,VENEZUELA,SDN,2025-08-02,,True,2026-06-24 16:17:32
1570,UN,INDIVIDUAL,Buford Stanton,[],17,IRAN,SDN,2026-04-30,,True,2026-06-24 16:17:32
1571,UK,INDIVIDUAL,Jadyn Armstrong,[],22,IRAN,SDN,2025-12-06,,True,2026-06-24 16:17:32
1572,EU,ORGANIZATION,JJ Keller,[],4,VENEZUELA,SDN,2026-03-20,,True,2026-06-24 16:17:32
1573,OFAC,INDIVIDUAL,Providenci Spencer,[],14,SDGT,SDN,2025-11-22,,True,2026-06-24 16:17:32
1574,UK,INDIVIDUAL,Mazie Thiel,[],7,SDGT,SDN,2026-06-03,,True,2026-06-24 16:17:32
1575,UN,INDIVIDUAL,Violette Streich,[],22,SYRIA,SDN,2025-11-02,,True,2026-06-24 16:17:32
1576,EU,VESSEL,MV fiercely,[],5,SYRIA,SDN,2026-02-17,,True,2026-06-24 16:17:32
1577,UK,ORGANIZATION,Oversight Systems,[],18,VENEZUELA,SDN,2026-06-24,,True,2026-06-24 16:17:32
1578,EU,INDIVIDUAL,Lennie Ziemann,[],5,DPRK,SDN,2025-11-24,,True,2026-06-24 16:17:32
1579,OFAC,INDIVIDUAL,Johnpaul Hilll,[],8,RUSSIA,SDN,2026-06-10,,True,2026-06-24 16:17:32
1580,UN,INDIVIDUAL,Tessie Kulas,[],2,IRAN,SDN,2025-09-09,,True,2026-06-24 16:17:32
1581,UN,INDIVIDUAL,Aleen Durgan,[],5,CYBER,SDN,2026-04-09,,True,2026-06-24 16:17:32
1582,UN,INDIVIDUAL,Casey Boehm,[],8,SYRIA,SDN,2026-01-17,,True,2026-06-24 16:17:32
1583,OFAC,INDIVIDUAL,Edmond Murphy,[],12,DPRK,SDN,2025-12-03,,True,2026-06-24 16:17:32
1584,OFAC,ORGANIZATION,McGraw Hill Financial,[],18,IRAN,SDN,2025-10-12,,True,2026-06-24 16:17:32
1585,EU,INDIVIDUAL,Adrienne Johns,[],14,CUBA,SDN,2026-06-07,,True,2026-06-24 16:17:32
1586,OFAC,ORGANIZATION,Foursquare,[],12,CYBER,SDN,2026-04-15,,True,2026-06-24 16:17:32
1587,OFAC,INDIVIDUAL,Macie Doyle,[],7,DPRK,SDN,2025-11-19,,True,2026-06-24 16:17:32
1588,OFAC,INDIVIDUAL,Amos Block,[],20,SDGT,SDN,2025-12-30,,True,2026-06-24 16:17:32
1589,EU,ORGANIZATION,"Lumesis, Inc.",[],3,CYBER,SDN,2025-10-20,,True,2026-06-24 16:17:32
1590,UN,INDIVIDUAL,Xzavier Wisoky,[],12,SYRIA,SDN,2025-07-17,,True,2026-06-24 16:17:32
1591,OFAC,ORGANIZATION,Acxiom,[],6,SDGT,SDN,2026-03-27,,True,2026-06-24 16:17:32
1592,EU,INDIVIDUAL,Jayne Schoen,[],15,CYBER,SDN,2025-08-12,,True,2026-06-24 16:17:32
1593,UN,INDIVIDUAL,Jarvis Koch,[],4,VENEZUELA,SDN,2026-01-07,,True,2026-06-24 16:17:32
1594,UN,INDIVIDUAL,Raphael Schaefer,[],22,SYRIA,SDN,2026-04-04,,True,2026-06-24 16:17:32
1595,OFAC,INDIVIDUAL,Marco Turner,[],15,CUBA,SDN,2025-11-03,,True,2026-06-24 16:17:32
1596,UN,ORGANIZATION,"Qado Energy, Inc.",[],1,CYBER,SDN,2026-06-14,,True,2026-06-24 16:17:32
1597,EU,ORGANIZATION,AutoGrid Systems,[],9,IRAN,SDN,2026-02-03,,True,2026-06-24 16:17:32
1598,UN,INDIVIDUAL,Maxine Steuber,[],11,CYBER,SDN,2026-03-18,,True,2026-06-24 16:17:32
1599,OFAC,INDIVIDUAL,Monica Greenholt,[],3,RUSSIA,SDN,2026-06-23,,True,2026-06-24 16:17:32
1600,UK,INDIVIDUAL,Gabriel Hoeger,[],4,SDGT,SDN,2026-01-25,,True,2026-06-24 16:17:32
1601,UK,ORGANIZATION,iTriage,[],1,DPRK,SDN,2026-02-13,,True,2026-06-24 16:17:32
1602,UN,INDIVIDUAL,Trey Hilll,[],13,CUBA,SDN,2026-05-18,,True,2026-06-24 16:17:32
1603,EU,INDIVIDUAL,Furman Morar,[],7,IRAN,SDN,2026-03-16,,True,2026-06-24 16:17:32
1604,OFAC,INDIVIDUAL,Sarina Huel,[],11,CYBER,SDN,2025-11-01,,True,2026-06-24 16:17:32
1605,UN,INDIVIDUAL,Jairo Mayer,[],14,CYBER,SDN,2026-05-14,,True,2026-06-24 16:17:32
1606,OFAC,ORGANIZATION,IVES Group Inc,[],16,RUSSIA,SDN,2026-04-27,,True,2026-06-24 16:17:32
1607,EU,INDIVIDUAL,Fannie Hilpert,[],4,VENEZUELA,SDN,2026-03-01,,True,2026-06-24 16:17:32
1608,UK,ORGANIZATION,Allied Van Lines,[],7,SYRIA,SDN,2025-11-08,,True,2026-06-24 16:17:32
1609,UK,INDIVIDUAL,Blaze Little,[],17,SDGT,SDN,2026-01-02,,True,2026-06-24 16:17:32
1610,OFAC,ORGANIZATION,Predilytics,[],5,CUBA,SDN,2025-10-21,,True,2026-06-24 16:17:32
1611,OFAC,ORGANIZATION,Kyruus,[],11,SYRIA,SDN,2026-02-19,,True,2026-06-24 16:17:32
1612,OFAC,INDIVIDUAL,Mozell Ernser,[],17,CYBER,SDN,2025-10-07,,True,2026-06-24 16:17:32
1613,UN,INDIVIDUAL,Juliet McKenzie,[],12,CUBA,SDN,2025-09-24,,True,2026-06-24 16:17:32
1614,OFAC,ORGANIZATION,Stamen Design,[],14,RUSSIA,SDN,2025-12-11,,True,2026-06-24 16:17:32
1615,OFAC,INDIVIDUAL,Stanley Buckridge,[],21,SYRIA,SDN,2025-12-02,,True,2026-06-24 16:17:32
1616,OFAC,ORGANIZATION,CONNECT-DOT LLC.,[],15,SYRIA,SDN,2026-04-21,,True,2026-06-24 16:17:32
1617,UK,INDIVIDUAL,Krystel Connelly,[],13,CYBER,SDN,2026-05-29,,True,2026-06-24 16:17:32
1618,UK,INDIVIDUAL,Audra Rice,[],23,VENEZUELA,SDN,2026-04-30,,True,2026-06-24 16:17:32
1619,UN,INDIVIDUAL,Alvena DuBuque,[],12,IRAN,SDN,2026-02-10,,True,2026-06-24 16:17:32
1620,OFAC,ORGANIZATION,Patently-O,[],3,RUSSIA,SDN,2025-07-08,,True,2026-06-24 16:17:32
1621,UN,ORGANIZATION,Liberty Mutual Insurance Cos.,[],11,CYBER,SDN,2025-10-11,,True,2026-06-24 16:17:32
1622,OFAC,INDIVIDUAL,Birdie Stamm,[],8,DPRK,SDN,2026-03-08,,True,2026-06-24 16:17:32
1623,OFAC,INDIVIDUAL,Nicolas Roberts,[],22,CYBER,SDN,2025-11-22,,True,2026-06-24 16:17:32
1624,UK,INDIVIDUAL,Akeem Bergstrom,[],17,IRAN,SDN,2025-08-02,,True,2026-06-24 16:17:32
1625,UN,ORGANIZATION,Quertle,[],2,DPRK,SDN,2025-07-14,,True,2026-06-24 16:17:32
1626,OFAC,ORGANIZATION,Bloomberg,[],7,VENEZUELA,SDN,2025-09-05,,True,2026-06-24 16:17:32
1627,EU,INDIVIDUAL,Milton Zboncak,[],21,DPRK,SDN,2026-03-14,,True,2026-06-24 16:17:32
1628,EU,ORGANIZATION,Sterling Infosystems,[],12,RUSSIA,SDN,2026-04-10,,True,2026-06-24 16:17:32
1629,EU,INDIVIDUAL,Caden Mohr,[],9,VENEZUELA,SDN,2026-01-16,,True,2026-06-24 16:17:32
1630,UK,INDIVIDUAL,Braulio Hamill,[],12,DPRK,SDN,2026-01-08,,True,2026-06-24 16:17:32
1631,UN,INDIVIDUAL,Jaiden Hermiston,[],16,CYBER,SDN,2026-05-20,,True,2026-06-24 16:17:32
1632,EU,VESSEL,MV close,[],8,SDGT,SDN,2025-07-22,,True,2026-06-24 16:17:32
1633,OFAC,INDIVIDUAL,Carolina Lesch,[],20,IRAN,SDN,2025-12-09,,True,2026-06-24 16:17:32
1634,UN,INDIVIDUAL,Declan Bernhard,[],2,RUSSIA,SDN,2025-09-19,,True,2026-06-24 16:17:32
1635,UK,INDIVIDUAL,Claudia Lueilwitz,[],1,RUSSIA,SDN,2026-01-22,,True,2026-06-24 16:17:32
1636,UN,INDIVIDUAL,Ashtyn Welch,[],13,CUBA,SDN,2026-02-22,,True,2026-06-24 16:17:32
1637,EU,INDIVIDUAL,Claudie Koepp,[],3,SYRIA,SDN,2025-08-16,,True,2026-06-24 16:17:32
1638,OFAC,ORGANIZATION,Headlight,[],15,CUBA,SDN,2025-07-07,,True,2026-06-24 16:17:32
1639,OFAC,INDIVIDUAL,Julianne Rohan,[],5,SDGT,SDN,2026-02-07,,True,2026-06-24 16:17:32
1640,OFAC,ORGANIZATION,CONNECT-DOT LLC.,[],10,VENEZUELA,SDN,2026-02-03,,True,2026-06-24 16:17:32
1641,EU,ORGANIZATION,PolicyMap,[],14,SDGT,SDN,2025-11-22,,True,2026-06-24 16:17:32
1642,UK,INDIVIDUAL,Cedrick Graham,[],16,SYRIA,SDN,2026-03-23,,True,2026-06-24 16:17:32
1643,UK,INDIVIDUAL,Dennis Casper,[],21,SDGT,SDN,2026-02-19,,True,2026-06-24 16:17:32
1644,UN,ORGANIZATION,Nielsen,[],21,RUSSIA,SDN,2026-04-07,,True,2026-06-24 16:17:32
1645,EU,INDIVIDUAL,Earnest Kemmer,[],21,SDGT,SDN,2026-06-09,,True,2026-06-24 16:17:32
1646,UN,INDIVIDUAL,Salma Littel,[],10,DPRK,SDN,2026-02-15,,True,2026-06-24 16:17:32
1647,UN,INDIVIDUAL,Alyce Crooks,[],8,SDGT,SDN,2025-11-27,,True,2026-06-24 16:17:32
1648,OFAC,ORGANIZATION,Cerner,[],21,CUBA,SDN,2026-04-26,,True,2026-06-24 16:17:32
1649,EU,INDIVIDUAL,Carolyn Paucek,[],23,SDGT,SDN,2025-10-05,,True,2026-06-24 16:17:32
1650,OFAC,ORGANIZATION,Knowledge Agency,[],23,CYBER,SDN,2026-05-19,,True,2026-06-24 16:17:32
1651,EU,INDIVIDUAL,Rozella Lakin,[],12,VENEZUELA,SDN,2025-09-20,,True,2026-06-24 16:17:32
1652,UN,INDIVIDUAL,Larry Runolfsson,[],11,SDGT,SDN,2025-08-25,,True,2026-06-24 16:17:32
1653,UN,INDIVIDUAL,Norwood Turner,[],19,CYBER,SDN,2026-04-27,,True,2026-06-24 16:17:32
1654,EU,INDIVIDUAL,Nikki Abbott,[],9,VENEZUELA,SDN,2026-05-01,,True,2026-06-24 16:17:32
1655,UN,INDIVIDUAL,Eduardo Schulist,[],10,DPRK,SDN,2025-07-19,,True,2026-06-24 16:17:32
1656,EU,ORGANIZATION,Xignite,[],19,CYBER,SDN,2025-07-12,,True,2026-06-24 16:17:32
1657,UN,ORGANIZATION,Biovia,[],5,SDGT,SDN,2026-03-10,,True,2026-06-24 16:17:32
1658,EU,INDIVIDUAL,Jaren Schaden,[],2,VENEZUELA,SDN,2026-01-22,,True,2026-06-24 16:17:32
1659,OFAC,ORGANIZATION,StockSmart,[],2,VENEZUELA,SDN,2026-05-03,,True,2026-06-24 16:17:32
1660,UK,ORGANIZATION,Civic Insight,[],20,CUBA,SDN,2025-12-16,,True,2026-06-24 16:17:32
1661,OFAC,INDIVIDUAL,Valentin Kutch,[],22,SYRIA,SDN,2026-05-29,,True,2026-06-24 16:17:32
1662,OFAC,ORGANIZATION,AccuWeather,[],5,VENEZUELA,SDN,2025-10-08,,True,2026-06-24 16:17:32
1663,EU,VESSEL,MV whose,[],16,IRAN,SDN,2026-02-24,,True,2026-06-24 16:17:32
1664,EU,INDIVIDUAL,Ella Friesen,[],15,IRAN,SDN,2025-10-13,,True,2026-06-24 16:17:32
1665,EU,INDIVIDUAL,Tressie Towne,[],21,DPRK,SDN,2026-01-29,,True,2026-06-24 16:17:32
1666,UK,INDIVIDUAL,Christine Sauer,[],15,SYRIA,SDN,2026-04-17,,True,2026-06-24 16:17:32
1667,OFAC,INDIVIDUAL,Donny Berge,[],7,IRAN,SDN,2026-05-03,,True,2026-06-24 16:17:32
1668,UN,ORGANIZATION,T. Rowe Price,[],15,RUSSIA,SDN,2025-10-21,,True,2026-06-24 16:17:32
1669,UN,INDIVIDUAL,Colt Kozey,[],4,CUBA,SDN,2025-06-26,,True,2026-06-24 16:17:32
1670,UK,VESSEL,MV company,[],3,VENEZUELA,SDN,2026-04-23,,True,2026-06-24 16:17:32
1671,OFAC,ORGANIZATION,NERA Economic Consulting,[],22,IRAN,SDN,2025-11-15,,True,2026-06-24 16:17:32
1672,UN,INDIVIDUAL,Aimee Lebsack,[],7,RUSSIA,SDN,2025-12-06,,True,2026-06-24 16:17:32
1673,EU,INDIVIDUAL,Katherine Hansen,[],12,CUBA,SDN,2026-01-15,,True,2026-06-24 16:17:32
1674,EU,INDIVIDUAL,Garett Crona,[],9,CUBA,SDN,2025-10-11,,True,2026-06-24 16:17:32
1675,OFAC,INDIVIDUAL,Vada Herzog,[],10,IRAN,SDN,2025-09-15,,True,2026-06-24 16:17:32
1676,EU,INDIVIDUAL,Pascale Beatty,[],20,IRAN,SDN,2026-01-10,,True,2026-06-24 16:17:32
1677,UN,ORGANIZATION,PricewaterhouseCoopers (PWC),[],12,IRAN,SDN,2025-08-26,,True,2026-06-24 16:17:32
1678,EU,ORGANIZATION,Earthquake Alert!,[],12,IRAN,SDN,2025-10-22,,True,2026-06-24 16:17:32
1679,OFAC,ORGANIZATION,"Energy Points, Inc.",[],13,CYBER,SDN,2026-04-27,,True,2026-06-24 16:17:32
1680,OFAC,INDIVIDUAL,Dena Schoen,[],9,SDGT,SDN,2026-06-20,,True,2026-06-24 16:17:32
1681,OFAC,INDIVIDUAL,Makenna Pagac,[],1,SDGT,SDN,2025-10-09,,True,2026-06-24 16:17:32
1682,OFAC,INDIVIDUAL,Jason Swift,[],15,VENEZUELA,SDN,2026-01-02,,True,2026-06-24 16:17:32
1683,UK,INDIVIDUAL,Camila Klein,[],1,IRAN,SDN,2025-11-27,,True,2026-06-24 16:17:32
1684,UN,INDIVIDUAL,Danial Toy,[],4,RUSSIA,SDN,2026-01-05,,True,2026-06-24 16:17:32
1685,OFAC,INDIVIDUAL,Johathan Ledner,[],20,RUSSIA,SDN,2025-10-17,,True,2026-06-24 16:17:32
1686,OFAC,INDIVIDUAL,Jeramy Larkin,[],20,CUBA,SDN,2025-08-05,,True,2026-06-24 16:17:32
1687,OFAC,ORGANIZATION,Civis Analytics,[],12,DPRK,SDN,2026-06-18,,True,2026-06-24 16:17:32
1688,EU,INDIVIDUAL,Johathan Waelchi,[],14,IRAN,SDN,2025-06-25,,True,2026-06-24 16:17:32
1689,OFAC,ORGANIZATION,PlotWatt,[],7,RUSSIA,SDN,2026-06-20,,True,2026-06-24 16:17:32
1690,OFAC,ORGANIZATION,Mapbox,[],1,CYBER,SDN,2026-02-28,,True,2026-06-24 16:17:32
1691,EU,INDIVIDUAL,Jessika Cruickshank,[],7,SYRIA,SDN,2026-04-14,,True,2026-06-24 16:17:32
1692,OFAC,INDIVIDUAL,Cecelia Flatley,[],21,IRAN,SDN,2025-08-05,,True,2026-06-24 16:17:32
1693,OFAC,INDIVIDUAL,Alene Borer,[],8,RUSSIA,SDN,2025-12-18,,True,2026-06-24 16:17:32
1694,OFAC,ORGANIZATION,Gallup,[],9,DPRK,SDN,2025-10-01,,True,2026-06-24 16:17:32
1695,UN,VESSEL,MV when,[],8,DPRK,SDN,2025-07-28,,True,2026-06-24 16:17:32
1696,OFAC,INDIVIDUAL,Macy Bode,[],13,IRAN,SDN,2025-08-18,,True,2026-06-24 16:17:32
1697,UN,INDIVIDUAL,Calista Quigley,[],15,VENEZUELA,SDN,2026-03-21,,True,2026-06-24 16:17:32
1698,EU,ORGANIZATION,USSearch,[],23,DPRK,SDN,2026-02-18,,True,2026-06-24 16:17:32
1699,EU,INDIVIDUAL,Cade Bogisich,[],13,SDGT,SDN,2025-11-29,,True,2026-06-24 16:17:32
1700,UN,INDIVIDUAL,Nona Kuhlman,[],21,IRAN,SDN,2025-12-21,,True,2026-06-24 16:17:32
1701,OFAC,ORGANIZATION,Bloomberg,[],21,SYRIA,SDN,2025-11-15,,True,2026-06-24 16:17:32
1702,OFAC,ORGANIZATION,TrueCar,[],2,CYBER,SDN,2026-06-06,,True,2026-06-24 16:17:32
1703,EU,INDIVIDUAL,Mason Beer,[],16,VENEZUELA,SDN,2026-03-30,,True,2026-06-24 16:17:32
1704,OFAC,INDIVIDUAL,Sallie Schoen,[],20,RUSSIA,SDN,2026-06-02,,True,2026-06-24 16:17:32
1705,OFAC,INDIVIDUAL,Chauncey Gerhold,[],7,VENEZUELA,SDN,2026-02-23,,True,2026-06-24 16:17:32
1706,EU,ORGANIZATION,Factset,[],5,RUSSIA,SDN,2025-10-13,,True,2026-06-24 16:17:32
1707,UN,INDIVIDUAL,Breanna Gibson,[],13,RUSSIA,SDN,2025-07-27,,True,2026-06-24 16:17:32
1708,UK,ORGANIZATION,Credit Sesame,[],2,SDGT,SDN,2026-02-12,,True,2026-06-24 16:17:32
1709,UN,INDIVIDUAL,Santina Huel,[],21,SYRIA,SDN,2025-11-13,,True,2026-06-24 16:17:32
1710,UN,INDIVIDUAL,Presley Sanford,[],17,CYBER,SDN,2026-04-30,,True,2026-06-24 16:17:32
1711,OFAC,INDIVIDUAL,Eve Carter,[],15,CYBER,SDN,2026-05-18,,True,2026-06-24 16:17:32
1712,EU,INDIVIDUAL,Dianna Rippin,[],3,DPRK,SDN,2026-03-12,,True,2026-06-24 16:17:32
1713,UN,ORGANIZATION,Peterson's,[],15,VENEZUELA,SDN,2025-12-09,,True,2026-06-24 16:17:32
1714,OFAC,VESSEL,MV hourly,[],23,VENEZUELA,SDN,2025-08-24,,True,2026-06-24 16:17:32
1715,OFAC,ORGANIZATION,Mapbox,[],19,CYBER,SDN,2025-11-29,,True,2026-06-24 16:17:32
1716,UK,ORGANIZATION,Canon,[],7,CUBA,SDN,2026-05-05,,True,2026-06-24 16:17:32
1717,OFAC,ORGANIZATION,PossibilityU,[],23,SYRIA,SDN,2026-01-25,,True,2026-06-24 16:17:32
1718,OFAC,ORGANIZATION,SmartProcure,[],18,IRAN,SDN,2025-11-17,,True,2026-06-24 16:17:32
1719,UK,ORGANIZATION,PYA Analytics,[],23,CUBA,SDN,2026-05-11,,True,2026-06-24 16:17:32
1720,EU,INDIVIDUAL,Libby Pacocha,[],5,RUSSIA,SDN,2026-01-19,,True,2026-06-24 16:17:32
1721,UN,ORGANIZATION,"Urban Mapping, Inc",[],3,SYRIA,SDN,2025-12-17,,True,2026-06-24 16:17:32
1722,UK,INDIVIDUAL,Rebeca Gutkowski,[],18,RUSSIA,SDN,2025-08-10,,True,2026-06-24 16:17:32
1723,OFAC,ORGANIZATION,Numedii,[],20,DPRK,SDN,2026-02-12,,True,2026-06-24 16:17:32
1724,OFAC,INDIVIDUAL,Cassidy Schamberger,[],8,SYRIA,SDN,2026-02-08,,True,2026-06-24 16:17:32
1725,EU,ORGANIZATION,Informatica,[],5,CUBA,SDN,2025-07-01,,True,2026-06-24 16:17:32
1726,EU,INDIVIDUAL,Josiah Kulas,[],1,CUBA,SDN,2026-06-13,,True,2026-06-24 16:17:32
1727,EU,ORGANIZATION,SpaceCurve,[],11,DPRK,SDN,2025-12-08,,True,2026-06-24 16:17:32
1728,EU,INDIVIDUAL,Virginie Mayer,[],9,SYRIA,SDN,2025-08-16,,True,2026-06-24 16:17:32
1729,EU,INDIVIDUAL,Norma McLaughlin,[],6,DPRK,SDN,2025-09-25,,True,2026-06-24 16:17:32
1730,OFAC,INDIVIDUAL,Adriel Kemmer,[],4,SDGT,SDN,2025-09-05,,True,2026-06-24 16:17:32
1731,EU,INDIVIDUAL,Vicente Kihn,[],8,CUBA,SDN,2026-06-19,,True,2026-06-24 16:17:32
1732,UK,INDIVIDUAL,Emil West,[],19,IRAN,SDN,2026-02-27,,True,2026-06-24 16:17:32
1733,UN,INDIVIDUAL,Marta Bernier,[],17,VENEZUELA,SDN,2026-01-09,,True,2026-06-24 16:17:32
1734,OFAC,VESSEL,MV even,[],19,DPRK,SDN,2025-07-17,,True,2026-06-24 16:17:32
1735,OFAC,INDIVIDUAL,Conor McDermott,[],1,SYRIA,SDN,2025-12-27,,True,2026-06-24 16:17:32
1736,OFAC,INDIVIDUAL,Omer Hessel,[],13,SDGT,SDN,2025-11-15,,True,2026-06-24 16:17:32
1737,EU,ORGANIZATION,InCadence,[],21,IRAN,SDN,2025-12-01,,True,2026-06-24 16:17:32
1738,OFAC,INDIVIDUAL,Edgar Jones,[],15,RUSSIA,SDN,2025-11-06,,True,2026-06-24 16:17:32
1739,OFAC,INDIVIDUAL,Kirsten Lowe,[],22,SYRIA,SDN,2025-11-12,,True,2026-06-24 16:17:32
1740,UN,INDIVIDUAL,Athena Reichert,[],7,VENEZUELA,SDN,2026-01-10,,True,2026-06-24 16:17:32
1741,OFAC,ORGANIZATION,Equal Pay for Women,[],22,DPRK,SDN,2025-12-13,,True,2026-06-24 16:17:32
1742,EU,INDIVIDUAL,Aaliyah Kuhic,[],17,DPRK,SDN,2025-08-22,,True,2026-06-24 16:17:32
1743,UN,INDIVIDUAL,Lula Blanda,[],8,RUSSIA,SDN,2025-08-24,,True,2026-06-24 16:17:32
1744,OFAC,INDIVIDUAL,Everardo Roberts,[],20,IRAN,SDN,2026-04-10,,True,2026-06-24 16:17:32
1745,OFAC,INDIVIDUAL,Gilberto Mitchell,[],21,SDGT,SDN,2025-11-12,,True,2026-06-24 16:17:32
1746,EU,INDIVIDUAL,Casper Roberts,[],10,DPRK,SDN,2026-01-14,,True,2026-06-24 16:17:32
1747,UN,ORGANIZATION,Castle Biosciences,[],23,SDGT,SDN,2025-07-02,,True,2026-06-24 16:17:32
1748,OFAC,INDIVIDUAL,Lorena Satterfield,[],6,CYBER,SDN,2026-05-25,,True,2026-06-24 16:17:32
1749,OFAC,ORGANIZATION,Wolfram Research,[],8,SYRIA,SDN,2026-06-02,,True,2026-06-24 16:17:32
1750,UN,ORGANIZATION,Open Data Nation,[],11,SDGT,SDN,2026-02-12,,True,2026-06-24 16:17:32
1751,EU,INDIVIDUAL,Dominique Gutmann,[],6,SDGT,SDN,2026-03-18,,True,2026-06-24 16:17:32
1752,OFAC,INDIVIDUAL,Domenica Schiller,[],1,CUBA,SDN,2025-10-18,,True,2026-06-24 16:17:32
1753,EU,ORGANIZATION,Nielsen,[],19,DPRK,SDN,2025-09-08,,True,2026-06-24 16:17:32
1754,OFAC,ORGANIZATION,CONNECT-DOT LLC.,[],20,VENEZUELA,SDN,2025-07-16,,True,2026-06-24 16:17:32
1755,OFAC,INDIVIDUAL,Nettie Kulas,[],17,CUBA,SDN,2025-08-17,,True,2026-06-24 16:17:32
1756,EU,INDIVIDUAL,Donato Grady,[],10,CYBER,SDN,2025-07-03,,True,2026-06-24 16:17:32
1757,OFAC,ORGANIZATION,TransUnion,[],1,SDGT,SDN,2026-01-20,,True,2026-06-24 16:17:32
1758,OFAC,INDIVIDUAL,Herminia Prohaska,[],8,RUSSIA,SDN,2025-07-07,,True,2026-06-24 16:17:32
1759,OFAC,ORGANIZATION,WebMD,[],8,SYRIA,SDN,2025-11-28,,True,2026-06-24 16:17:32
1760,OFAC,ORGANIZATION,Code-N,[],11,IRAN,SDN,2026-01-07,,True,2026-06-24 16:17:32
1761,UN,INDIVIDUAL,Alana McClure,[],15,DPRK,SDN,2026-01-31,,True,2026-06-24 16:17:32
1762,EU,INDIVIDUAL,Reid Wuckert,[],1,CUBA,SDN,2025-08-07,,True,2026-06-24 16:17:32
1763,EU,INDIVIDUAL,Mikayla Tillman,[],3,VENEZUELA,SDN,2026-04-26,,True,2026-06-24 16:17:32
1764,UN,ORGANIZATION,Geoscape,[],1,RUSSIA,SDN,2026-04-29,,True,2026-06-24 16:17:32
1765,EU,ORGANIZATION,CityScan,[],16,SYRIA,SDN,2026-06-01,,True,2026-06-24 16:17:32
1766,OFAC,ORGANIZATION,Simple Energy,[],12,VENEZUELA,SDN,2025-10-28,,True,2026-06-24 16:17:32
1767,EU,INDIVIDUAL,Alexys Hamill,[],21,SYRIA,SDN,2025-11-09,,True,2026-06-24 16:17:32
1768,OFAC,INDIVIDUAL,Johnpaul Torphy,[],12,SYRIA,SDN,2025-07-08,,True,2026-06-24 16:17:32
1769,OFAC,ORGANIZATION,Adaptive,[],22,IRAN,SDN,2026-01-13,,True,2026-06-24 16:17:32
1770,UK,INDIVIDUAL,Bethel Swaniawski,[],5,IRAN,SDN,2025-10-07,,True,2026-06-24 16:17:32
1771,EU,ORGANIZATION,Acxiom,[],11,SYRIA,SDN,2026-03-23,,True,2026-06-24 16:17:32
1772,OFAC,INDIVIDUAL,Charlene Kuphal,[],23,CYBER,SDN,2025-11-04,,True,2026-06-24 16:17:32
1773,UN,INDIVIDUAL,Tanner Deckow,[],17,SDGT,SDN,2026-06-14,,True,2026-06-24 16:17:32
1774,OFAC,ORGANIZATION,GreatSchools,[],6,SYRIA,SDN,2026-04-16,,True,2026-06-24 16:17:32
1775,UK,ORGANIZATION,Next Step Living,[],8,SDGT,SDN,2026-05-05,,True,2026-06-24 16:17:32
1776,OFAC,ORGANIZATION,North American Van Lines,[],4,RUSSIA,SDN,2025-06-26,,True,2026-06-24 16:17:32
1777,UN,ORGANIZATION,J.P. Morgan Chase,[],23,RUSSIA,SDN,2025-07-06,,True,2026-06-24 16:17:32
1778,EU,INDIVIDUAL,Milo Senger,[],10,VENEZUELA,SDN,2026-02-04,,True,2026-06-24 16:17:32
1779,UK,VESSEL,MV it,[],15,IRAN,SDN,2026-06-17,,True,2026-06-24 16:17:32
1780,UN,VESSEL,MV unload,[],2,IRAN,SDN,2026-03-02,,True,2026-06-24 16:17:32
1781,OFAC,ORGANIZATION,Berkshire Hathaway,[],1,DPRK,SDN,2026-04-23,,True,2026-06-24 16:17:32
1782,OFAC,ORGANIZATION,Govini,[],15,CYBER,SDN,2026-03-01,,True,2026-06-24 16:17:32
1783,EU,INDIVIDUAL,Dariana Kreiger,[],23,VENEZUELA,SDN,2025-07-26,,True,2026-06-24 16:17:32
1784,EU,INDIVIDUAL,Alessandra Quigley,[],13,SYRIA,SDN,2025-09-08,,True,2026-06-24 16:17:32
1785,EU,INDIVIDUAL,Electa Rutherford,[],3,DPRK,SDN,2025-12-21,,True,2026-06-24 16:17:32
1786,UK,ORGANIZATION,"HealthPocket, Inc.",[],11,RUSSIA,SDN,2026-02-04,,True,2026-06-24 16:17:32
1787,OFAC,ORGANIZATION,EarthObserver App,[],20,CYBER,SDN,2025-11-19,,True,2026-06-24 16:17:32
1788,OFAC,ORGANIZATION,ProPublica,[],9,DPRK,SDN,2026-05-08,,True,2026-06-24 16:17:32
1789,OFAC,ORGANIZATION,Charles Schwab Corp.,[],2,SDGT,SDN,2026-03-19,,True,2026-06-24 16:17:32
1790,EU,VESSEL,MV hmm,[],20,CYBER,SDN,2025-11-01,,True,2026-06-24 16:17:32
1791,OFAC,VESSEL,MV tomorrow,[],15,VENEZUELA,SDN,2026-03-31,,True,2026-06-24 16:17:32
1792,EU,ORGANIZATION,Onvia,[],7,DPRK,SDN,2025-11-07,,True,2026-06-24 16:17:32
1793,EU,INDIVIDUAL,Johnson Sporer,[],12,SDGT,SDN,2025-09-07,,True,2026-06-24 16:17:32
1794,UN,INDIVIDUAL,Giles Rice,[],11,DPRK,SDN,2026-03-29,,True,2026-06-24 16:17:32
1795,UK,INDIVIDUAL,Kaia Kerluke,[],11,VENEZUELA,SDN,2026-01-18,,True,2026-06-24 16:17:32
1796,OFAC,ORGANIZATION,Vizzuality,[],14,DPRK,SDN,2025-10-02,,True,2026-06-24 16:17:32
1797,UN,INDIVIDUAL,Roslyn Mayer,[],2,VENEZUELA,SDN,2026-05-17,,True,2026-06-24 16:17:32
1798,OFAC,INDIVIDUAL,Casper Sawayn,[],20,CYBER,SDN,2025-08-28,,True,2026-06-24 16:17:32
1799,EU,INDIVIDUAL,Brando Kovacek,[],1,CYBER,SDN,2025-10-27,,True,2026-06-24 16:17:32
1800,OFAC,VESSEL,MV powerfully,[],15,VENEZUELA,SDN,2026-05-02,,True,2026-06-24 16:17:32
1801,UN,INDIVIDUAL,Rodger Schmidt,[],9,SYRIA,SDN,2026-03-26,,True,2026-06-24 16:17:32
1802,OFAC,ORGANIZATION,Suddath,[],10,CUBA,SDN,2025-10-23,,True,2026-06-24 16:17:32
1803,OFAC,INDIVIDUAL,Nadia Jacobs,[],14,VENEZUELA,SDN,2026-01-08,,True,2026-06-24 16:17:32
1804,EU,INDIVIDUAL,Twila Okuneva,[],8,SYRIA,SDN,2025-07-19,,True,2026-06-24 16:17:32
1805,UN,INDIVIDUAL,Micah Hegmann,[],2,VENEZUELA,SDN,2025-07-22,,True,2026-06-24 16:17:32
1806,UK,INDIVIDUAL,Markus Fadel,[],16,IRAN,SDN,2026-04-24,,True,2026-06-24 16:17:32
1807,EU,INDIVIDUAL,Libbie Mertz,[],12,CYBER,SDN,2025-11-10,,True,2026-06-24 16:17:32
1808,OFAC,INDIVIDUAL,Hal Grady,[],1,DPRK,SDN,2025-10-15,,True,2026-06-24 16:17:32
1809,OFAC,ORGANIZATION,AllState Insurance Group,[],11,SYRIA,SDN,2026-01-25,,True,2026-06-24 16:17:32
1810,OFAC,ORGANIZATION,Boundless,[],7,IRAN,SDN,2026-06-11,,True,2026-06-24 16:17:32
1811,EU,ORGANIZATION,SpotHero.com,[],4,RUSSIA,SDN,2025-12-22,,True,2026-06-24 16:17:32
1812,OFAC,ORGANIZATION,Investormill,[],7,CUBA,SDN,2026-03-27,,True,2026-06-24 16:17:32
1813,OFAC,ORGANIZATION,InCadence,[],18,DPRK,SDN,2026-01-10,,True,2026-06-24 16:17:32
1814,UK,INDIVIDUAL,Bertrand Bartoletti,[],5,CYBER,SDN,2026-05-15,,True,2026-06-24 16:17:32
1815,UK,INDIVIDUAL,Karolann Borer,[],15,SDGT,SDN,2025-07-23,,True,2026-06-24 16:17:32
1816,UK,INDIVIDUAL,Dane Sauer,[],3,SDGT,SDN,2025-07-13,,True,2026-06-24 16:17:32
1817,UN,ORGANIZATION,NonprofitMetrics,[],15,CYBER,SDN,2026-06-04,,True,2026-06-24 16:17:32
1818,OFAC,INDIVIDUAL,Retta Heller,[],7,CUBA,SDN,2025-11-28,,True,2026-06-24 16:17:32
1819,OFAC,VESSEL,MV itself,[],11,CYBER,SDN,2025-11-01,,True,2026-06-24 16:17:32
1820,EU,INDIVIDUAL,Bernadine Howell,[],13,DPRK,SDN,2026-05-23,,True,2026-06-24 16:17:32
1821,EU,INDIVIDUAL,Sienna Schaden,[],12,VENEZUELA,SDN,2026-06-22,,True,2026-06-24 16:17:32
1822,EU,ORGANIZATION,Vital Axiom | Niinja,[],6,SYRIA,SDN,2026-01-10,,True,2026-06-24 16:17:32
1823,UN,ORGANIZATION,HealthMap,[],10,SDGT,SDN,2025-09-16,,True,2026-06-24 16:17:32
1824,OFAC,INDIVIDUAL,Eva Pacocha,[],23,CUBA,SDN,2025-08-11,,True,2026-06-24 16:17:32
1825,EU,INDIVIDUAL,Jerry Emmerich,[],3,CUBA,SDN,2026-04-19,,True,2026-06-24 16:17:32
1826,UN,ORGANIZATION,OptumInsight,[],14,SDGT,SDN,2026-06-02,,True,2026-06-24 16:17:32
1827,EU,INDIVIDUAL,Davion Walsh,[],3,CYBER,SDN,2026-02-27,,True,2026-06-24 16:17:32
1828,UN,ORGANIZATION,Level One Technologies,[],4,SYRIA,SDN,2025-08-08,,True,2026-06-24 16:17:32
1829,UK,INDIVIDUAL,Everardo Wisozk,[],4,RUSSIA,SDN,2026-02-01,,True,2026-06-24 16:17:32
1830,OFAC,INDIVIDUAL,Ara Klein,[],2,DPRK,SDN,2026-06-04,,True,2026-06-24 16:17:32
1831,OFAC,INDIVIDUAL,Mara Kuvalis,[],5,DPRK,SDN,2026-04-21,,True,2026-06-24 16:17:32
1832,OFAC,ORGANIZATION,Arpin Van Lines,[],20,SDGT,SDN,2026-02-05,,True,2026-06-24 16:17:32
1833,OFAC,ORGANIZATION,InfoCommerce Group,[],6,SYRIA,SDN,2026-02-11,,True,2026-06-24 16:17:32
1834,OFAC,ORGANIZATION,TagniFi,[],6,RUSSIA,SDN,2025-11-13,,True,2026-06-24 16:17:32
1835,UN,INDIVIDUAL,Dorothy Connelly,[],6,CUBA,SDN,2026-01-24,,True,2026-06-24 16:17:32
1836,UN,INDIVIDUAL,Merlin Bogisich,[],1,SDGT,SDN,2025-09-06,,True,2026-06-24 16:17:32
1837,OFAC,INDIVIDUAL,Giovanna Feeney,[],19,IRAN,SDN,2025-08-29,,True,2026-06-24 16:17:32
1838,UN,INDIVIDUAL,Ruby Rempel,[],5,CYBER,SDN,2026-03-26,,True,2026-06-24 16:17:32
1839,UN,INDIVIDUAL,Christa Hoppe,[],12,RUSSIA,SDN,2025-12-16,,True,2026-06-24 16:17:32
1840,OFAC,INDIVIDUAL,Giles Purdy,[],17,VENEZUELA,SDN,2026-05-01,,True,2026-06-24 16:17:32
1841,OFAC,INDIVIDUAL,Rhiannon Lueilwitz,[],9,DPRK,SDN,2026-03-30,,True,2026-06-24 16:17:32
1842,UN,INDIVIDUAL,Davon Lesch,[],11,CUBA,SDN,2026-06-09,,True,2026-06-24 16:17:32
1843,OFAC,ORGANIZATION,Noesis,[],16,IRAN,SDN,2025-12-12,,True,2026-06-24 16:17:32
1844,EU,INDIVIDUAL,Jessie Wunsch,[],6,SYRIA,SDN,2026-01-30,,True,2026-06-24 16:17:32
1845,UK,ORGANIZATION,Everyday Health,[],19,VENEZUELA,SDN,2026-02-27,,True,2026-06-24 16:17:32
1846,OFAC,INDIVIDUAL,Sandrine Schoen,[],2,SYRIA,SDN,2025-10-02,,True,2026-06-24 16:17:32
1847,EU,ORGANIZATION,LexisNexis,[],17,CUBA,SDN,2026-06-16,,True,2026-06-24 16:17:32
1848,OFAC,INDIVIDUAL,Betsy Schiller,[],20,IRAN,SDN,2026-01-11,,True,2026-06-24 16:17:32
1849,UK,ORGANIZATION,J.P. Morgan Chase,[],2,CYBER,SDN,2025-08-18,,True,2026-06-24 16:17:32
1850,EU,VESSEL,MV from,[],20,CUBA,SDN,2026-03-02,,True,2026-06-24 16:17:32
1851,UK,ORGANIZATION,Relationship Science,[],4,RUSSIA,SDN,2026-05-04,,True,2026-06-24 16:17:32
1852,UK,ORGANIZATION,First Fuel Software,[],7,SYRIA,SDN,2026-04-18,,True,2026-06-24 16:17:32
1853,EU,ORGANIZATION,Farmers,[],12,CUBA,SDN,2026-01-27,,True,2026-06-24 16:17:32
1854,UK,ORGANIZATION,KPMG,[],20,CUBA,SDN,2026-06-02,,True,2026-06-24 16:17:32
1855,OFAC,ORGANIZATION,Social Health Insights,[],16,RUSSIA,SDN,2026-01-27,,True,2026-06-24 16:17:32
1856,EU,INDIVIDUAL,Elliott Gorczany,[],22,RUSSIA,SDN,2026-03-21,,True,2026-06-24 16:17:32
1857,OFAC,ORGANIZATION,CrowdANALYTIX,[],13,DPRK,SDN,2025-08-28,,True,2026-06-24 16:17:32
1858,UN,VESSEL,MV muster,[],14,DPRK,SDN,2025-12-13,,True,2026-06-24 16:17:32
1859,OFAC,ORGANIZATION,Import.io,[],2,VENEZUELA,SDN,2025-11-29,,True,2026-06-24 16:17:32
1860,OFAC,INDIVIDUAL,Chaz Hane,[],6,IRAN,SDN,2026-01-29,,True,2026-06-24 16:17:32
1861,OFAC,INDIVIDUAL,Fausto Lang,[],21,IRAN,SDN,2026-03-09,,True,2026-06-24 16:17:32
1862,OFAC,INDIVIDUAL,Nakia Gulgowski,[],18,VENEZUELA,SDN,2025-10-08,,True,2026-06-24 16:17:32
1863,UK,ORGANIZATION,Patently-O,[],19,DPRK,SDN,2025-11-28,,True,2026-06-24 16:17:32
1864,EU,INDIVIDUAL,Rosie Pollich,[],1,RUSSIA,SDN,2026-05-17,,True,2026-06-24 16:17:32
1865,UK,INDIVIDUAL,Augusta Senger,[],3,SYRIA,SDN,2026-01-19,,True,2026-06-24 16:17:32
1866,OFAC,ORGANIZATION,Practice Fusion,[],8,RUSSIA,SDN,2026-04-15,,True,2026-06-24 16:17:32
1867,EU,INDIVIDUAL,Elta Kuhlman,[],5,SDGT,SDN,2026-01-23,,True,2026-06-24 16:17:32
1868,EU,ORGANIZATION,iFactor Consulting,[],15,RUSSIA,SDN,2026-06-17,,True,2026-06-24 16:17:32
1869,OFAC,INDIVIDUAL,Skylar Cole,[],10,VENEZUELA,SDN,2025-10-12,,True,2026-06-24 16:17:32
1870,EU,INDIVIDUAL,Annabell Herman,[],2,SDGT,SDN,2025-12-18,,True,2026-06-24 16:17:32
1871,OFAC,ORGANIZATION,FlightAware,[],3,SYRIA,SDN,2025-09-05,,True,2026-06-24 16:17:32
1872,OFAC,ORGANIZATION,Dow Jones & Co.,[],12,IRAN,SDN,2026-06-05,,True,2026-06-24 16:17:32
1873,EU,INDIVIDUAL,Mackenzie Kreiger,[],14,SYRIA,SDN,2025-06-28,,True,2026-06-24 16:17:32
1874,UN,ORGANIZATION,Adaptive,[],16,VENEZUELA,SDN,2026-06-03,,True,2026-06-24 16:17:32
1875,OFAC,INDIVIDUAL,Twila Ritchie,[],4,IRAN,SDN,2025-08-25,,True,2026-06-24 16:17:32
1876,OFAC,INDIVIDUAL,Ryley Graham,[],3,VENEZUELA,SDN,2026-03-09,,True,2026-06-24 16:17:32
1877,OFAC,ORGANIZATION,Chubb,[],6,DPRK,SDN,2025-08-26,,True,2026-06-24 16:17:32
1878,EU,ORGANIZATION,Retroficiency,[],7,RUSSIA,SDN,2026-05-03,,True,2026-06-24 16:17:32
1879,UN,INDIVIDUAL,Vickie Hand,[],19,IRAN,SDN,2025-11-05,,True,2026-06-24 16:17:32
1880,OFAC,INDIVIDUAL,Jarrett Reynolds,[],17,CYBER,SDN,2025-08-28,,True,2026-06-24 16:17:32
1881,UK,ORGANIZATION,iTriage,[],9,IRAN,SDN,2025-10-12,,True,2026-06-24 16:17:32
1882,UN,INDIVIDUAL,Corine Mraz,[],4,CYBER,SDN,2026-01-03,,True,2026-06-24 16:17:32
1883,UK,ORGANIZATION,Alarm.com,[],4,SYRIA,SDN,2026-02-26,,True,2026-06-24 16:17:32
1884,EU,INDIVIDUAL,Neha Beer,[],12,RUSSIA,SDN,2026-04-06,,True,2026-06-24 16:17:32
1885,OFAC,INDIVIDUAL,Jaydon Schowalter,[],14,SYRIA,SDN,2025-11-29,,True,2026-06-24 16:17:32
1886,UN,INDIVIDUAL,Joana Bartell,[],3,SDGT,SDN,2025-09-17,,True,2026-06-24 16:17:32
1887,UN,INDIVIDUAL,Rolando Schiller,[],20,CUBA,SDN,2026-01-18,,True,2026-06-24 16:17:32
1888,OFAC,INDIVIDUAL,Clemmie Bechtelar,[],21,CUBA,SDN,2025-08-27,,True,2026-06-24 16:17:32
1889,UK,INDIVIDUAL,Nettie Wilderman,[],22,SDGT,SDN,2025-12-25,,True,2026-06-24 16:17:32
1890,UN,ORGANIZATION,Uber,[],10,SYRIA,SDN,2025-10-09,,True,2026-06-24 16:17:32
1891,UN,INDIVIDUAL,Keenan Pacocha,[],13,SDGT,SDN,2025-12-21,,True,2026-06-24 16:17:32
1892,EU,INDIVIDUAL,Jamison Streich,[],10,SYRIA,SDN,2025-12-25,,True,2026-06-24 16:17:32
1893,OFAC,ORGANIZATION,Berkery Noyes MandASoft,[],16,RUSSIA,SDN,2025-07-31,,True,2026-06-24 16:17:32
1894,OFAC,INDIVIDUAL,Ariel Beatty,[],8,SYRIA,SDN,2026-06-09,,True,2026-06-24 16:17:32
1895,EU,INDIVIDUAL,Otto Bogan,[],3,VENEZUELA,SDN,2026-03-29,,True,2026-06-24 16:17:32
1896,EU,INDIVIDUAL,Fannie Labadie,[],6,IRAN,SDN,2025-12-12,,True,2026-06-24 16:17:32
1897,UN,INDIVIDUAL,Zackary Marks,[],6,CUBA,SDN,2026-01-23,,True,2026-06-24 16:17:32
1898,EU,INDIVIDUAL,Kayden Stanton,[],17,RUSSIA,SDN,2025-09-25,,True,2026-06-24 16:17:32
1899,OFAC,INDIVIDUAL,Domenic Medhurst,[],23,DPRK,SDN,2025-11-04,,True,2026-06-24 16:17:32
1900,UK,ORGANIZATION,Eat Shop Sleep,[],4,RUSSIA,SDN,2026-04-28,,True,2026-06-24 16:17:32
1901,EU,ORGANIZATION,Geoscape,[],18,DPRK,SDN,2025-12-22,,True,2026-06-24 16:17:32
1902,UN,ORGANIZATION,Ranku,[],6,CYBER,SDN,2025-12-31,,True,2026-06-24 16:17:32
1903,UK,INDIVIDUAL,Melvina McClure,[],22,CYBER,SDN,2025-06-27,,True,2026-06-24 16:17:32
1904,UN,INDIVIDUAL,Kale Schultz,[],7,CYBER,SDN,2025-10-02,,True,2026-06-24 16:17:32
1905,OFAC,INDIVIDUAL,Sharon Price,[],4,VENEZUELA,SDN,2026-03-07,,True,2026-06-24 16:17:32
1906,UK,ORGANIZATION,Parsons Brinckerhoff,[],14,SDGT,SDN,2026-01-23,,True,2026-06-24 16:17:32
1907,OFAC,INDIVIDUAL,Dimitri Zulauf,[],21,RUSSIA,SDN,2025-07-26,,True,2026-06-24 16:17:32
1908,UN,ORGANIZATION,LoopNet,[],17,SDGT,SDN,2026-03-03,,True,2026-06-24 16:17:32
1909,UN,INDIVIDUAL,Vita Medhurst,[],23,SYRIA,SDN,2025-08-05,,True,2026-06-24 16:17:32
1910,OFAC,INDIVIDUAL,Burdette Wuckert,[],1,SDGT,SDN,2026-04-02,,True,2026-06-24 16:17:32
1911,UK,INDIVIDUAL,Evalyn Prosacco,[],4,SYRIA,SDN,2025-10-20,,True,2026-06-24 16:17:32
1912,UK,INDIVIDUAL,Heather Glover,[],12,CUBA,SDN,2026-02-17,,True,2026-06-24 16:17:32
1913,UK,ORGANIZATION,Porch,[],11,IRAN,SDN,2026-03-09,,True,2026-06-24 16:17:32
1914,OFAC,INDIVIDUAL,Citlalli Lemke,[],1,SYRIA,SDN,2026-02-24,,True,2026-06-24 16:17:32
1915,EU,INDIVIDUAL,Judson Johns,[],8,RUSSIA,SDN,2025-07-29,,True,2026-06-24 16:17:32
1916,OFAC,INDIVIDUAL,Kane Abshire,[],20,SDGT,SDN,2025-10-04,,True,2026-06-24 16:17:32
1917,EU,INDIVIDUAL,Peggie Schoen,[],8,SDGT,SDN,2025-11-14,,True,2026-06-24 16:17:32
1918,UN,ORGANIZATION,Code-N,[],18,SYRIA,SDN,2025-11-30,,True,2026-06-24 16:17:32
1919,UN,INDIVIDUAL,Delores Ziemann,[],14,SYRIA,SDN,2026-01-12,,True,2026-06-24 16:17:32
1920,OFAC,INDIVIDUAL,Florida Will,[],1,CYBER,SDN,2026-04-07,,True,2026-06-24 16:17:32
1921,OFAC,INDIVIDUAL,Tomas Schroeder,[],9,VENEZUELA,SDN,2026-01-17,,True,2026-06-24 16:17:32
1922,OFAC,ORGANIZATION,FutureAdvisor,[],22,CYBER,SDN,2026-02-09,,True,2026-06-24 16:17:32
1923,OFAC,INDIVIDUAL,Aric Reilly,[],22,VENEZUELA,SDN,2025-11-17,,True,2026-06-24 16:17:32
1924,EU,INDIVIDUAL,Enrique Lang,[],20,IRAN,SDN,2025-11-05,,True,2026-06-24 16:17:32
1925,OFAC,INDIVIDUAL,Tara Stamm,[],1,CUBA,SDN,2026-03-19,,True,2026-06-24 16:17:32
1926,UN,VESSEL,MV book,[],4,SYRIA,SDN,2026-03-16,,True,2026-06-24 16:17:32
1927,OFAC,INDIVIDUAL,Carole Swift,[],1,CYBER,SDN,2025-11-26,,True,2026-06-24 16:17:32
1928,UK,INDIVIDUAL,Broderick Romaguera,[],5,DPRK,SDN,2026-05-01,,True,2026-06-24 16:17:32
1929,UK,INDIVIDUAL,Bud Reichert,[],10,CUBA,SDN,2025-09-30,,True,2026-06-24 16:17:32
1930,OFAC,VESSEL,MV Thatcherite,[],1,IRAN,SDN,2026-01-29,,True,2026-06-24 16:17:32
1931,UN,VESSEL,MV previously,[],13,SDGT,SDN,2025-11-07,,True,2026-06-24 16:17:32
1932,UK,ORGANIZATION,Cappex,[],18,CYBER,SDN,2025-07-25,,True,2026-06-24 16:17:32
1933,EU,INDIVIDUAL,Nayeli Lubowitz,[],22,VENEZUELA,SDN,2025-08-12,,True,2026-06-24 16:17:32
1934,UN,ORGANIZATION,DataMarket,[],23,SYRIA,SDN,2026-02-10,,True,2026-06-24 16:17:32
1935,OFAC,ORGANIZATION,State Farm Insurance,[],16,CUBA,SDN,2025-12-17,,True,2026-06-24 16:17:32
1936,UK,INDIVIDUAL,Marley Stracke,[],14,RUSSIA,SDN,2026-02-11,,True,2026-06-24 16:17:32
1937,OFAC,ORGANIZATION,Wheaton World Wide Moving,[],16,IRAN,SDN,2025-11-30,,True,2026-06-24 16:17:32
1938,UN,ORGANIZATION,Porch,[],13,VENEZUELA,SDN,2025-12-11,,True,2026-06-24 16:17:32
1939,UK,INDIVIDUAL,Lilyan Rempel,[],19,SYRIA,SDN,2025-09-01,,True,2026-06-24 16:17:32
1940,OFAC,INDIVIDUAL,Tod Jast,[],13,DPRK,SDN,2026-05-06,,True,2026-06-24 16:17:32
1941,UK,INDIVIDUAL,Orrin Wiegand,[],9,IRAN,SDN,2026-02-14,,True,2026-06-24 16:17:32
1942,UN,INDIVIDUAL,Savanah West,[],15,SDGT,SDN,2026-04-30,,True,2026-06-24 16:17:32
1943,EU,ORGANIZATION,Harris Corporation,[],15,DPRK,SDN,2025-09-29,,True,2026-06-24 16:17:32
1944,UK,ORGANIZATION,Atlas Van Lines,[],6,VENEZUELA,SDN,2026-04-20,,True,2026-06-24 16:17:32
1945,EU,ORGANIZATION,ClearStory Data,[],22,DPRK,SDN,2025-11-20,,True,2026-06-24 16:17:32
1946,EU,ORGANIZATION,Stormpulse,[],2,SYRIA,SDN,2025-11-29,,True,2026-06-24 16:17:32
1947,OFAC,INDIVIDUAL,Viola Schaefer,[],4,SYRIA,SDN,2025-10-06,,True,2026-06-24 16:17:32
1948,UN,INDIVIDUAL,Flossie Willms,[],12,DPRK,SDN,2025-12-16,,True,2026-06-24 16:17:32
1949,EU,INDIVIDUAL,Anna Reichel,[],17,VENEZUELA,SDN,2026-02-06,,True,2026-06-24 16:17:32
1950,OFAC,ORGANIZATION,McGraw Hill Financial,[],22,SDGT,SDN,2026-03-24,,True,2026-06-24 16:17:32
1951,OFAC,INDIVIDUAL,Harmon Schinner,[],5,CUBA,SDN,2026-04-10,,True,2026-06-24 16:17:32
1952,UK,ORGANIZATION,Splunk,[],4,VENEZUELA,SDN,2026-04-03,,True,2026-06-24 16:17:32
1953,EU,INDIVIDUAL,Reginald Corkery,[],3,SDGT,SDN,2025-08-31,,True,2026-06-24 16:17:32
1954,OFAC,INDIVIDUAL,Maryam Ullrich,[],5,RUSSIA,SDN,2025-10-11,,True,2026-06-24 16:17:32
1955,UK,ORGANIZATION,Synthicity,[],1,RUSSIA,SDN,2025-07-05,,True,2026-06-24 16:17:32
1956,OFAC,INDIVIDUAL,Mossie Kub,[],22,DPRK,SDN,2025-08-05,,True,2026-06-24 16:17:32
1957,UN,VESSEL,MV lastly,[],21,SDGT,SDN,2026-04-04,,True,2026-06-24 16:17:32
1958,UN,INDIVIDUAL,Iliana Bogisich,[],4,RUSSIA,SDN,2026-04-25,,True,2026-06-24 16:17:32
1959,UN,ORGANIZATION,Center for Responsive Politics,[],21,RUSSIA,SDN,2025-08-20,,True,2026-06-24 16:17:32
1960,OFAC,INDIVIDUAL,Geovany Krajcik,[],11,CYBER,SDN,2025-07-17,,True,2026-06-24 16:17:32
1961,UN,INDIVIDUAL,Rafaela Padberg,[],14,IRAN,SDN,2026-06-13,,True,2026-06-24 16:17:32
1962,EU,INDIVIDUAL,Greyson Bednar,[],11,IRAN,SDN,2026-04-14,,True,2026-06-24 16:17:32
1963,UN,INDIVIDUAL,Elias McLaughlin,[],7,SYRIA,SDN,2026-01-21,,True,2026-06-24 16:17:32
1964,UN,INDIVIDUAL,Urban Feest,[],10,DPRK,SDN,2026-05-15,,True,2026-06-24 16:17:32
1965,OFAC,VESSEL,MV next,[],17,DPRK,SDN,2026-04-20,,True,2026-06-24 16:17:32
1966,EU,ORGANIZATION,Outline,[],1,DPRK,SDN,2025-07-24,,True,2026-06-24 16:17:32
1967,OFAC,ORGANIZATION,Impaq International,[],20,RUSSIA,SDN,2026-04-19,,True,2026-06-24 16:17:32
1968,OFAC,INDIVIDUAL,Heaven Wilderman,[],10,RUSSIA,SDN,2026-03-11,,True,2026-06-24 16:17:32
1969,OFAC,INDIVIDUAL,Theodore Barrows,[],21,CUBA,SDN,2026-04-06,,True,2026-06-24 16:17:32
1970,OFAC,INDIVIDUAL,Chasity Schinner,[],14,CUBA,SDN,2025-10-13,,True,2026-06-24 16:17:32
1971,EU,ORGANIZATION,Accenture,[],21,DPRK,SDN,2025-11-01,,True,2026-06-24 16:17:32
1972,OFAC,INDIVIDUAL,Cole Cronin,[],19,VENEZUELA,SDN,2026-06-18,,True,2026-06-24 16:17:32
1973,OFAC,INDIVIDUAL,Ernest Mitchell,[],12,DPRK,SDN,2026-05-26,,True,2026-06-24 16:17:32
1974,OFAC,INDIVIDUAL,Ford Bernhard,[],22,CUBA,SDN,2026-03-21,,True,2026-06-24 16:17:32
1975,UN,ORGANIZATION,Azavea,[],7,VENEZUELA,SDN,2026-04-04,,True,2026-06-24 16:17:32
1976,EU,ORGANIZATION,The Bridgespan Group,[],6,SYRIA,SDN,2026-06-21,,True,2026-06-24 16:17:32
1977,UN,ORGANIZATION,Relationship Science,[],17,DPRK,SDN,2026-05-13,,True,2026-06-24 16:17:32
1978,EU,INDIVIDUAL,Donnie Crona,[],5,SDGT,SDN,2025-08-25,,True,2026-06-24 16:17:32
1979,EU,VESSEL,MV school,[],8,DPRK,SDN,2025-11-13,,True,2026-06-24 16:17:32
1980,OFAC,ORGANIZATION,EMC,[],4,SDGT,SDN,2025-07-01,,True,2026-06-24 16:17:32
1981,OFAC,ORGANIZATION,Revelstone,[],15,DPRK,SDN,2026-04-01,,True,2026-06-24 16:17:32
1982,OFAC,ORGANIZATION,Nautilytics,[],3,SYRIA,SDN,2025-11-12,,True,2026-06-24 16:17:32
1983,EU,INDIVIDUAL,Daniella Pfannerstill,[],2,IRAN,SDN,2026-02-19,,True,2026-06-24 16:17:32
1984,OFAC,INDIVIDUAL,Christine Conn,[],7,DPRK,SDN,2025-11-14,,True,2026-06-24 16:17:32
1985,UN,INDIVIDUAL,Nasir Kohler,[],14,VENEZUELA,SDN,2026-06-11,,True,2026-06-24 16:17:32
1986,UK,INDIVIDUAL,Wilfrid Barrows,[],21,DPRK,SDN,2026-05-16,,True,2026-06-24 16:17:32
1987,OFAC,ORGANIZATION,Quid,[],8,RUSSIA,SDN,2026-06-18,,True,2026-06-24 16:17:32
1988,UN,ORGANIZATION,Evidera,[],18,SDGT,SDN,2025-08-13,,True,2026-06-24 16:17:32
1989,OFAC,INDIVIDUAL,Kailee Russel,[],3,CYBER,SDN,2025-09-10,,True,2026-06-24 16:17:32
1990,UK,ORGANIZATION,SeeClickFix,[],14,IRAN,SDN,2025-12-25,,True,2026-06-24 16:17:32
1991,OFAC,ORGANIZATION,Teradata,[],21,SYRIA,SDN,2025-08-03,,True,2026-06-24 16:17:32
1992,OFAC,ORGANIZATION,Amida Technology Solutions,[],11,SDGT,SDN,2025-12-06,,True,2026-06-24 16:17:32
1993,UK,INDIVIDUAL,Melyssa Kiehn,[],4,SDGT,SDN,2025-12-23,,True,2026-06-24 16:17:32
1994,EU,ORGANIZATION,WeMakeItSafer,[],14,CYBER,SDN,2026-01-14,,True,2026-06-24 16:17:32
1995,UK,INDIVIDUAL,Jayson Wisoky,[],22,RUSSIA,SDN,2025-10-02,,True,2026-06-24 16:17:32
1996,OFAC,INDIVIDUAL,Laurence Schulist,[],19,DPRK,SDN,2026-01-11,,True,2026-06-24 16:17:32
1997,OFAC,INDIVIDUAL,Jeff Hamill,[],5,CYBER,SDN,2025-11-09,,True,2026-06-24 16:17:32
1998,OFAC,INDIVIDUAL,Shanelle Cruickshank,[],9,DPRK,SDN,2025-10-29,,True,2026-06-24 16:17:32
1999,UN,ORGANIZATION,ASC Partners,[],23,CUBA,SDN,2025-09-10,,True,2026-06-24 16:17:32
2000,OFAC,ORGANIZATION,Capital Cube,[],18,SDGT,SDN,2025-07-24,,True,2026-06-24 16:17:32
